-- Refresh demo seed data with more realistic cross-linked operational records.
-- Existing core IDs are preserved so tests and local fixtures keep working.
-- Demo credentials:
--   admin@gmed.de / admin123
--   patient portal users below / Password1!

INSERT INTO users (
    id,
    email,
    password_hash,
    name,
    role,
    is_active,
    created_at
) VALUES
    (
        'a0000000-0000-0000-0000-000000000011',
        'juliana.gale@mail.com',
        '$argon2id$v=19$m=19456,t=2,p=1$c2VlZHNhbHQxMjM0NTY3OA$Y6kxV5q5VhGZ1J2K0sR3GqOvHpE7vFbNzLkR1PwM2vQ',
        'Juliana Gale',
        'patient',
        true,
        now() - interval '95 days'
    ),
    (
        'a0000000-0000-0000-0000-000000000012',
        'serhii.kovalenko@mail.com',
        '$argon2id$v=19$m=19456,t=2,p=1$c2VlZHNhbHQxMjM0NTY3OA$Y6kxV5q5VhGZ1J2K0sR3GqOvHpE7vFbNzLkR1PwM2vQ',
        'Serhii Kovalenko',
        'patient',
        true,
        now() - interval '82 days'
    ),
    (
        'a0000000-0000-0000-0000-000000000013',
        'yana.kravchenko@mail.com',
        '$argon2id$v=19$m=19456,t=2,p=1$c2VlZHNhbHQxMjM0NTY3OA$Y6kxV5q5VhGZ1J2K0sR3GqOvHpE7vFbNzLkR1PwM2vQ',
        'Yana Kravchenko',
        'patient',
        true,
        now() - interval '61 days'
    ),
    (
        'a0000000-0000-0000-0000-000000000014',
        'li.wei@mail.com',
        '$argon2id$v=19$m=19456,t=2,p=1$c2VlZHNhbHQxMjM0NTY3OA$Y6kxV5q5VhGZ1J2K0sR3GqOvHpE7vFbNzLkR1PwM2vQ',
        'Li Wei',
        'patient',
        true,
        now() - interval '40 days'
    ),
    (
        'a0000000-0000-0000-0000-000000000015',
        'fatima.alrashid@mail.com',
        '$argon2id$v=19$m=19456,t=2,p=1$c2VlZHNhbHQxMjM0NTY3OA$Y6kxV5q5VhGZ1J2K0sR3GqOvHpE7vFbNzLkR1PwM2vQ',
        'Fatima Al Rashid',
        'patient',
        true,
        now() - interval '33 days'
    )
ON CONFLICT (id) DO UPDATE
SET
    email = EXCLUDED.email,
    password_hash = EXCLUDED.password_hash,
    name = EXCLUDED.name,
    role = EXCLUDED.role,
    is_active = EXCLUDED.is_active;

INSERT INTO patients (
    id,
    patient_id,
    title,
    first_name,
    last_name,
    birth_date,
    gender,
    nationality,
    residence_country,
    languages,
    phone_primary,
    phone_secondary,
    email,
    address_street,
    address_city,
    address_zip,
    address_country,
    insurance_provider,
    insurance_number,
    insurance_type,
    emergency_contact_name,
    emergency_contact_phone,
    emergency_contact_relation,
    legal_status,
    notes,
    functional_labels,
    clinical_warnings,
    created_by,
    created_at,
    is_active
) VALUES
    (
        'b0000000-0000-0000-0000-000000000001',
        'P-0001',
        'Ms.',
        'Amina',
        'Nwosu',
        '1989-04-15',
        'female',
        'Nigerian',
        'Nigeria',
        ARRAY['en', 'fr'],
        '+234-803-555-0101',
        NULL,
        'amina.nwosu@mail.com',
        '9 Admiralty Way',
        'Lagos',
        '106104',
        'Nigeria',
        NULL,
        NULL,
        'self_pay',
        'Chika Nwosu',
        '+234-803-555-0199',
        'sister',
        '{"contract_status":"signed","visa_status":"in_review","compliance_completed":true,"patient_portal_enabled":false}'::jsonb,
        NULL,
        ARRAY['complex_coordination'],
        NULL,
        'a0000000-0000-0000-0000-000000000003',
        now() - interval '120 days',
        true
    ),
    (
        'b0000000-0000-0000-0000-000000000002',
        'P-0002',
        'Ms.',
        'Juliana',
        'Gale',
        '2003-07-22',
        'female',
        'Brazilian',
        'Brazil',
        ARRAY['pt', 'en'],
        '+55-11-98765-4321',
        '+55-11-97111-2233',
        'juliana.gale@mail.com',
        'Rua Padre Joao Manuel 421',
        'Sao Paulo',
        '01411-001',
        'Brazil',
        'Allianz Global',
        'AG-8820031',
        'private',
        'Paulo Gale',
        '+55-11-96666-7788',
        'father',
        '{"contract_status":"signed","visa_status":"approved","compliance_completed":true,"patient_portal_enabled":true}'::jsonb,
        NULL,
        ARRAY[]::text[],
        NULL,
        'a0000000-0000-0000-0000-000000000003',
        now() - interval '95 days',
        true
    ),
    (
        'b0000000-0000-0000-0000-000000000003',
        'P-0003',
        NULL,
        'Mary',
        'Frimpong',
        '2001-01-10',
        'female',
        'Ghanaian',
        'Ghana',
        ARRAY['en'],
        '+233-24-567-8901',
        NULL,
        'mary.frimpong@mail.com',
        '5 Liberation Road',
        'Accra',
        'GA-184-2216',
        'Ghana',
        NULL,
        NULL,
        'self_pay',
        'Kofi Frimpong',
        '+233-20-501-7780',
        'parent',
        '{"contract_status":"draft","visa_status":"not_started","compliance_completed":false,"patient_portal_enabled":false}'::jsonb,
        NULL,
        ARRAY[]::text[],
        NULL,
        'a0000000-0000-0000-0000-000000000003',
        now() - interval '73 days',
        true
    ),
    (
        'b0000000-0000-0000-0000-000000000004',
        'P-0004',
        'Mr.',
        'Victor',
        'Dane',
        '1986-09-03',
        'male',
        'Danish',
        'Denmark',
        ARRAY['da', 'en', 'de'],
        '+45-20-123-456',
        NULL,
        'victor.dane@mail.com',
        'Rosenvaengets Alle 11',
        'Copenhagen',
        '2100',
        'Denmark',
        'Tryg Forsikring',
        'TR-2248-19',
        'private',
        'Louise Dane',
        '+45-31-908-228',
        'spouse',
        '{"contract_status":"sent","visa_status":"not_required","compliance_completed":true,"patient_portal_enabled":false}'::jsonb,
        NULL,
        ARRAY['high_risk'],
        NULL,
        'a0000000-0000-0000-0000-000000000003',
        now() - interval '68 days',
        true
    ),
    (
        'b0000000-0000-0000-0000-000000000005',
        'P-0005',
        'Mr.',
        'Viktors',
        'Darmanis',
        '1994-03-18',
        'male',
        'Latvian',
        'Latvia',
        ARRAY['lv', 'ru', 'en'],
        '+371-20-345-678',
        NULL,
        'viktors.darmanis@mail.com',
        'Terbatas iela 44',
        'Riga',
        'LV-1011',
        'Latvia',
        NULL,
        NULL,
        'foreign',
        'Ilze Darmanis',
        '+371-27-221-114',
        'mother',
        '{"contract_status":"draft","visa_status":"not_started","compliance_completed":false,"patient_portal_enabled":false}'::jsonb,
        NULL,
        ARRAY[]::text[],
        NULL,
        'a0000000-0000-0000-0000-000000000003',
        now() - interval '59 days',
        true
    ),
    (
        'b0000000-0000-0000-0000-000000000006',
        'P-0006',
        'Ms.',
        'Alexandra',
        'Manti',
        '1991-11-25',
        'female',
        'Greek',
        'Greece',
        ARRAY['el', 'en'],
        '+30-697-123-4567',
        NULL,
        'alexandra.manti@mail.com',
        'Leoforos Kifisias 110',
        'Athens',
        '11526',
        'Greece',
        'Ethniki Insurance',
        'GR-553102',
        'private',
        'Eleni Manti',
        '+30-694-800-4421',
        'mother',
        '{"contract_status":"draft","visa_status":"not_required","compliance_completed":true,"patient_portal_enabled":false}'::jsonb,
        NULL,
        ARRAY[]::text[],
        NULL,
        'a0000000-0000-0000-0000-000000000003',
        now() - interval '57 days',
        true
    ),
    (
        'b0000000-0000-0000-0000-000000000007',
        'P-0007',
        'Mr.',
        'Serhii',
        'Kovalenko',
        '1985-06-12',
        'male',
        'Ukrainian',
        'Ukraine',
        ARRAY['uk', 'ru', 'de'],
        '+380-67-890-1234',
        NULL,
        'serhii.kovalenko@mail.com',
        '1 Saksahanskoho St',
        'Kyiv',
        '01033',
        'Ukraine',
        NULL,
        NULL,
        'self_pay',
        'Olena Kovalenko',
        '+380-50-441-7833',
        'spouse',
        '{"contract_status":"signed","visa_status":"approved","compliance_completed":true,"patient_portal_enabled":true}'::jsonb,
        NULL,
        ARRAY['high_risk', 'mobility_support', 'complex_coordination'],
        NULL,
        'a0000000-0000-0000-0000-000000000003',
        now() - interval '82 days',
        true
    ),
    (
        'b0000000-0000-0000-0000-000000000008',
        'P-0008',
        'Ms.',
        'Fatima',
        'Al Rashid',
        '1992-02-28',
        'female',
        'Emirati',
        'UAE',
        ARRAY['ar', 'en'],
        '+971-50-123-4567',
        NULL,
        'fatima.alrashid@mail.com',
        'Jumeirah Beach Road 77',
        'Dubai',
        '00000',
        'UAE',
        'Daman International',
        'DM-771204',
        'private',
        'Mariam Al Rashid',
        '+971-55-340-9912',
        'sister',
        '{"contract_status":"signed","visa_status":"approved","compliance_completed":true,"patient_portal_enabled":true}'::jsonb,
        NULL,
        ARRAY['vip', 'complex_coordination'],
        NULL,
        'a0000000-0000-0000-0000-000000000003',
        now() - interval '74 days',
        true
    ),
    (
        'b0000000-0000-0000-0000-000000000009',
        'P-0009',
        'Mr.',
        'Andrei',
        'Popov',
        '1978-08-05',
        'male',
        'Russian',
        'Russia',
        ARRAY['ru', 'en'],
        '+7-916-234-5678',
        NULL,
        'andrei.popov@mail.com',
        'Kutuzovsky Prospekt 22',
        'Moscow',
        '121170',
        'Russia',
        NULL,
        NULL,
        'self_pay',
        'Irina Popova',
        '+7-916-991-2201',
        'spouse',
        '{"contract_status":"signed","visa_status":"approved","compliance_completed":true,"patient_portal_enabled":false}'::jsonb,
        NULL,
        ARRAY['high_risk', 'fall_risk'],
        NULL,
        'a0000000-0000-0000-0000-000000000003',
        now() - interval '71 days',
        true
    ),
    (
        'b0000000-0000-0000-0000-000000000010',
        'P-0010',
        'Ms.',
        'Elena',
        'Novak',
        '1990-12-14',
        'female',
        'Czech',
        'Czech Republic',
        ARRAY['cs', 'de', 'en'],
        '+420-777-123-456',
        NULL,
        'elena.novak@mail.com',
        'Korunni 41',
        'Prague',
        '12000',
        'Czech Republic',
        NULL,
        NULL,
        'foreign',
        'Petra Novak',
        '+420-774-220-661',
        'sister',
        '{"contract_status":"draft","visa_status":"not_required","compliance_completed":true,"patient_portal_enabled":false}'::jsonb,
        NULL,
        ARRAY[]::text[],
        NULL,
        'a0000000-0000-0000-0000-000000000003',
        now() - interval '54 days',
        true
    ),
    (
        'b0000000-0000-0000-0000-000000000011',
        'P-0011',
        'Mr.',
        'Ahmed',
        'Hassan',
        '1988-04-20',
        'male',
        'Egyptian',
        'Egypt',
        ARRAY['ar', 'en'],
        '+20-100-234-5678',
        NULL,
        'ahmed.hassan@mail.com',
        'Road 9, Maadi',
        'Cairo',
        '11728',
        'Egypt',
        NULL,
        NULL,
        'self_pay',
        'Mona Hassan',
        '+20-101-441-0098',
        'spouse',
        '{"contract_status":"draft","visa_status":"in_review","compliance_completed":true,"patient_portal_enabled":false}'::jsonb,
        NULL,
        ARRAY[]::text[],
        NULL,
        'a0000000-0000-0000-0000-000000000003',
        now() - interval '49 days',
        true
    ),
    (
        'b0000000-0000-0000-0000-000000000012',
        'P-0012',
        'Ms.',
        'Li',
        'Wei',
        '1995-07-08',
        'female',
        'Chinese',
        'China',
        ARRAY['zh', 'en'],
        '+86-138-1234-5678',
        NULL,
        'li.wei@mail.com',
        '88 Huaihai Middle Road',
        'Shanghai',
        '200021',
        'China',
        'Ping An Insurance',
        'PA-101-8842',
        'private',
        'Qiao Wei',
        '+86-139-7788-2201',
        'mother',
        '{"contract_status":"signed","visa_status":"approved","compliance_completed":true,"patient_portal_enabled":true}'::jsonb,
        NULL,
        ARRAY['vip'],
        NULL,
        'a0000000-0000-0000-0000-000000000003',
        now() - interval '40 days',
        true
    ),
    (
        'b0000000-0000-0000-0000-000000000013',
        'P-0013',
        'Mr.',
        'Nikolai',
        'Smirnov',
        '1982-10-30',
        'male',
        'Russian',
        'Russia',
        ARRAY['ru', 'de'],
        '+7-903-345-6789',
        NULL,
        'nikolai.smirnov@mail.com',
        'Nevsky Prospect 110',
        'St. Petersburg',
        '191025',
        'Russia',
        NULL,
        NULL,
        'self_pay',
        'Olga Smirnova',
        '+7-911-117-2087',
        'spouse',
        '{"contract_status":"sent","visa_status":"in_review","compliance_completed":true,"patient_portal_enabled":false}'::jsonb,
        NULL,
        ARRAY[]::text[],
        NULL,
        'a0000000-0000-0000-0000-000000000001',
        now() - interval '38 days',
        true
    ),
    (
        'b0000000-0000-0000-0000-000000000014',
        'P-0014',
        'Ms.',
        'Yana',
        'Kravchenko',
        '1997-05-16',
        'female',
        'Ukrainian',
        'Germany',
        ARRAY['uk', 'ru', 'de', 'en'],
        '+49-176-1234-5678',
        NULL,
        'yana.kravchenko@mail.com',
        'Prenzlauer Allee 118',
        'Berlin',
        '10409',
        'Germany',
        'TK',
        'TK-99411772',
        'public',
        'Roman Kravchenko',
        '+49-176-5555-9821',
        'brother',
        '{"contract_status":"draft","visa_status":"not_required","compliance_completed":true,"patient_portal_enabled":true}'::jsonb,
        NULL,
        ARRAY[]::text[],
        NULL,
        'a0000000-0000-0000-0000-000000000003',
        now() - interval '31 days',
        true
    ),
    (
        'b0000000-0000-0000-0000-000000000015',
        'P-0015',
        'Mr.',
        'Omar',
        'Farooq',
        '1975-01-22',
        'male',
        'Pakistani',
        'Pakistan',
        ARRAY['ur', 'en'],
        '+92-300-123-4567',
        NULL,
        'omar.farooq@mail.com',
        'Gulberg III Block C',
        'Lahore',
        '54660',
        'Pakistan',
        NULL,
        NULL,
        'self_pay',
        'Aisha Farooq',
        '+92-301-998-4400',
        'spouse',
        '{"contract_status":"draft","visa_status":"in_review","compliance_completed":true,"patient_portal_enabled":false}'::jsonb,
        NULL,
        ARRAY[]::text[],
        NULL,
        'a0000000-0000-0000-0000-000000000001',
        now() - interval '28 days',
        true
    )
ON CONFLICT (id) DO UPDATE
SET
    patient_id = EXCLUDED.patient_id,
    title = EXCLUDED.title,
    first_name = EXCLUDED.first_name,
    last_name = EXCLUDED.last_name,
    birth_date = EXCLUDED.birth_date,
    gender = EXCLUDED.gender,
    nationality = EXCLUDED.nationality,
    residence_country = EXCLUDED.residence_country,
    languages = EXCLUDED.languages,
    phone_primary = EXCLUDED.phone_primary,
    phone_secondary = EXCLUDED.phone_secondary,
    email = EXCLUDED.email,
    address_street = EXCLUDED.address_street,
    address_city = EXCLUDED.address_city,
    address_zip = EXCLUDED.address_zip,
    address_country = EXCLUDED.address_country,
    insurance_provider = EXCLUDED.insurance_provider,
    insurance_number = EXCLUDED.insurance_number,
    insurance_type = EXCLUDED.insurance_type,
    emergency_contact_name = EXCLUDED.emergency_contact_name,
    emergency_contact_phone = EXCLUDED.emergency_contact_phone,
    emergency_contact_relation = EXCLUDED.emergency_contact_relation,
    legal_status = EXCLUDED.legal_status,
    notes = EXCLUDED.notes,
    functional_labels = EXCLUDED.functional_labels,
    clinical_warnings = EXCLUDED.clinical_warnings,
    created_by = EXCLUDED.created_by,
    created_at = EXCLUDED.created_at,
    is_active = EXCLUDED.is_active;

INSERT INTO patient_assignments (
    patient_id,
    user_id,
    assigned_by,
    assigned_at
) VALUES
    ('b0000000-0000-0000-0000-000000000001', 'a0000000-0000-0000-0000-000000000003', 'a0000000-0000-0000-0000-000000000001', now() - interval '120 days'),
    ('b0000000-0000-0000-0000-000000000001', 'a0000000-0000-0000-0000-000000000007', 'a0000000-0000-0000-0000-000000000003', now() - interval '90 days'),
    ('b0000000-0000-0000-0000-000000000002', 'a0000000-0000-0000-0000-000000000003', 'a0000000-0000-0000-0000-000000000001', now() - interval '95 days'),
    ('b0000000-0000-0000-0000-000000000002', 'a0000000-0000-0000-0000-000000000006', 'a0000000-0000-0000-0000-000000000003', now() - interval '90 days'),
    ('b0000000-0000-0000-0000-000000000002', 'a0000000-0000-0000-0000-000000000011', 'a0000000-0000-0000-0000-000000000003', now() - interval '80 days'),
    ('b0000000-0000-0000-0000-000000000003', 'a0000000-0000-0000-0000-000000000003', 'a0000000-0000-0000-0000-000000000003', now() - interval '73 days'),
    ('b0000000-0000-0000-0000-000000000004', 'a0000000-0000-0000-0000-000000000003', 'a0000000-0000-0000-0000-000000000003', now() - interval '68 days'),
    ('b0000000-0000-0000-0000-000000000005', 'a0000000-0000-0000-0000-000000000003', 'a0000000-0000-0000-0000-000000000003', now() - interval '59 days'),
    ('b0000000-0000-0000-0000-000000000006', 'a0000000-0000-0000-0000-000000000003', 'a0000000-0000-0000-0000-000000000003', now() - interval '57 days'),
    ('b0000000-0000-0000-0000-000000000007', 'a0000000-0000-0000-0000-000000000003', 'a0000000-0000-0000-0000-000000000003', now() - interval '82 days'),
    ('b0000000-0000-0000-0000-000000000007', 'a0000000-0000-0000-0000-000000000005', 'a0000000-0000-0000-0000-000000000003', now() - interval '80 days'),
    ('b0000000-0000-0000-0000-000000000007', 'a0000000-0000-0000-0000-000000000007', 'a0000000-0000-0000-0000-000000000003', now() - interval '74 days'),
    ('b0000000-0000-0000-0000-000000000007', 'a0000000-0000-0000-0000-000000000012', 'a0000000-0000-0000-0000-000000000003', now() - interval '70 days'),
    ('b0000000-0000-0000-0000-000000000008', 'a0000000-0000-0000-0000-000000000003', 'a0000000-0000-0000-0000-000000000003', now() - interval '74 days'),
    ('b0000000-0000-0000-0000-000000000008', 'a0000000-0000-0000-0000-000000000006', 'a0000000-0000-0000-0000-000000000003', now() - interval '72 days'),
    ('b0000000-0000-0000-0000-000000000008', 'a0000000-0000-0000-0000-000000000007', 'a0000000-0000-0000-0000-000000000003', now() - interval '69 days'),
    ('b0000000-0000-0000-0000-000000000008', 'a0000000-0000-0000-0000-000000000015', 'a0000000-0000-0000-0000-000000000003', now() - interval '33 days'),
    ('b0000000-0000-0000-0000-000000000009', 'a0000000-0000-0000-0000-000000000003', 'a0000000-0000-0000-0000-000000000003', now() - interval '71 days'),
    ('b0000000-0000-0000-0000-000000000010', 'a0000000-0000-0000-0000-000000000003', 'a0000000-0000-0000-0000-000000000003', now() - interval '54 days'),
    ('b0000000-0000-0000-0000-000000000011', 'a0000000-0000-0000-0000-000000000003', 'a0000000-0000-0000-0000-000000000003', now() - interval '49 days'),
    ('b0000000-0000-0000-0000-000000000012', 'a0000000-0000-0000-0000-000000000003', 'a0000000-0000-0000-0000-000000000003', now() - interval '40 days'),
    ('b0000000-0000-0000-0000-000000000012', 'a0000000-0000-0000-0000-000000000014', 'a0000000-0000-0000-0000-000000000003', now() - interval '39 days'),
    ('b0000000-0000-0000-0000-000000000013', 'a0000000-0000-0000-0000-000000000003', 'a0000000-0000-0000-0000-000000000001', now() - interval '38 days'),
    ('b0000000-0000-0000-0000-000000000014', 'a0000000-0000-0000-0000-000000000003', 'a0000000-0000-0000-0000-000000000003', now() - interval '31 days'),
    ('b0000000-0000-0000-0000-000000000014', 'a0000000-0000-0000-0000-000000000013', 'a0000000-0000-0000-0000-000000000003', now() - interval '30 days'),
    ('b0000000-0000-0000-0000-000000000015', 'a0000000-0000-0000-0000-000000000003', 'a0000000-0000-0000-0000-000000000001', now() - interval '28 days')
ON CONFLICT (patient_id, user_id) DO UPDATE
SET
    assigned_by = EXCLUDED.assigned_by,
    assigned_at = EXCLUDED.assigned_at,
    revoked_at = NULL;

INSERT INTO patient_relations (
    id,
    patient_id,
    related_patient_id,
    related_name,
    relation_type,
    is_emergency_contact,
    phone,
    notes,
    created_at
) VALUES
    ('13400000-0000-0000-0000-000000000001', 'b0000000-0000-0000-0000-000000000007', 'b0000000-0000-0000-0000-000000000014', 'Yana Kravchenko', 'sibling', false, '+49-176-1234-5678', 'Berlin contact for mail forwarding and local support.', now() - interval '29 days'),
    ('13400000-0000-0000-0000-000000000002', 'b0000000-0000-0000-0000-000000000007', NULL, 'Olena Kovalenko', 'caregiver', true, '+380-50-441-7833', 'Primary caregiver coordinating family updates.', now() - interval '82 days'),
    ('13400000-0000-0000-0000-000000000003', 'b0000000-0000-0000-0000-000000000008', NULL, 'Mariam Al Rashid', 'relative', true, '+971-55-340-9912', 'Handles premium travel approvals and Arabic-first communication.', now() - interval '74 days'),
    ('13400000-0000-0000-0000-000000000004', 'b0000000-0000-0000-0000-000000000012', NULL, 'Qiao Wei', 'parent', true, '+86-139-7788-2201', 'Emergency contact and insurance paperwork signer.', now() - interval '40 days')
ON CONFLICT (id) DO UPDATE
SET
    patient_id = EXCLUDED.patient_id,
    related_patient_id = EXCLUDED.related_patient_id,
    related_name = EXCLUDED.related_name,
    relation_type = EXCLUDED.relation_type,
    is_emergency_contact = EXCLUDED.is_emergency_contact,
    phone = EXCLUDED.phone,
    notes = EXCLUDED.notes,
    created_at = EXCLUDED.created_at;

INSERT INTO consent_records (
    id,
    user_id,
    patient_id,
    consent_type,
    granted,
    granted_at,
    revoked_at,
    expires_at,
    context,
    created_at
) VALUES
    ('13410000-0000-0000-0000-000000000001', 'a0000000-0000-0000-0000-000000000011', 'b0000000-0000-0000-0000-000000000002', 'privacy_policy', true, now() - interval '80 days', NULL, now() + interval '285 days', '{"source":"patient_portal"}'::jsonb, now() - interval '80 days'),
    ('13410000-0000-0000-0000-000000000002', 'a0000000-0000-0000-0000-000000000011', 'b0000000-0000-0000-0000-000000000002', 'healthcare_processing', true, now() - interval '80 days', NULL, now() + interval '285 days', '{"scope":"medical_and_finance"}'::jsonb, now() - interval '80 days'),
    ('13410000-0000-0000-0000-000000000003', 'a0000000-0000-0000-0000-000000000012', 'b0000000-0000-0000-0000-000000000007', 'document_share_whatsapp', true, now() - interval '68 days', NULL, now() + interval '297 days', '{"source":"staff_capture"}'::jsonb, now() - interval '68 days'),
    ('13410000-0000-0000-0000-000000000004', 'a0000000-0000-0000-0000-000000000015', 'b0000000-0000-0000-0000-000000000008', 'privacy_policy', true, now() - interval '31 days', NULL, now() + interval '334 days', '{"source":"patient_portal"}'::jsonb, now() - interval '31 days'),
    ('13410000-0000-0000-0000-000000000005', 'a0000000-0000-0000-0000-000000000013', 'b0000000-0000-0000-0000-000000000014', 'document_share_email', true, now() - interval '26 days', NULL, now() + interval '339 days', '{"source":"patient_portal"}'::jsonb, now() - interval '26 days')
ON CONFLICT (id) DO UPDATE
SET
    user_id = EXCLUDED.user_id,
    patient_id = EXCLUDED.patient_id,
    consent_type = EXCLUDED.consent_type,
    granted = EXCLUDED.granted,
    granted_at = EXCLUDED.granted_at,
    revoked_at = EXCLUDED.revoked_at,
    expires_at = EXCLUDED.expires_at,
    context = EXCLUDED.context,
    created_at = EXCLUDED.created_at;

INSERT INTO providers (
    id,
    name,
    legal_name,
    provider_type,
    address_street,
    address_city,
    address_zip,
    address_country,
    phone,
    email,
    website,
    fachbereich,
    tax_id,
    notes,
    is_active,
    created_at
) VALUES
    ('c0000000-0000-0000-0000-000000000001', 'Charite Universitaetsmedizin Berlin', 'Charite - Universitaetsmedizin Berlin', 'medical', 'Chariteplatz 1', 'Berlin', '10117', 'Germany', '+49-30-450-50', 'info@charite.de', 'https://www.charite.de', 'Innere Medizin / Vorsorge', 'DE-CHAR-0001', 'Primary flagship provider used by live tests and most demo referrals.', true, now() - interval '400 days'),
    ('c0000000-0000-0000-0000-000000000002', 'Helios Klinikum Berlin-Buch', 'HELIOS Klinikum Berlin-Buch GmbH', 'medical', 'Schwanebecker Chaussee 50', 'Berlin', '13125', 'Germany', '+49-30-9401-0', 'info@helios-berlin.de', 'https://www.helios-gesundheit.de', 'Orthopaedie / Radiologie', 'DE-HELIOS-002', 'Used for MRI, orthopedics and coordinated execution appointments.', true, now() - interval '390 days'),
    ('c0000000-0000-0000-0000-000000000003', 'Universitaetsklinikum Heidelberg', 'Universitaetsklinikum Heidelberg', 'medical', 'Im Neuenheimer Feld 672', 'Heidelberg', '69120', 'Germany', '+49-6221-56-0', 'info@ukl-hd.de', 'https://www.klinikum.uni-heidelberg.de', 'Onkologie', 'DE-UKHD-003', 'Oncology second-opinion partner with premium international office.', true, now() - interval '385 days'),
    ('c0000000-0000-0000-0000-000000000004', 'Klinikum rechts der Isar (TUM)', 'Klinikum rechts der Isar der TUM', 'medical', 'Ismaninger Str. 22', 'Muenchen', '81675', 'Germany', '+49-89-4140-0', 'info@mri.tum.de', 'https://www.mri.tum.de', 'Kardiologie', 'DE-TUM-004', 'Cardiology follow-up and stress diagnostics provider.', true, now() - interval '375 days'),
    ('c0000000-0000-0000-0000-000000000005', 'Premium Medical Travel GmbH', 'Premium Medical Travel GmbH', 'non_medical', 'Friedrichstr. 100', 'Berlin', '10117', 'Germany', '+49-30-200-300', 'service@pmt.de', 'https://www.pmt.example', NULL, 'DE-PMT-005', 'Ground transport, airport meet-and-greet and accommodation partner.', true, now() - interval '350 days'),
    ('c0000000-0000-0000-0000-000000000006', 'MedTranslate Services', 'MedTranslate Services UG', 'non_medical', 'Kurfuerstendamm 200', 'Berlin', '10719', 'Germany', '+49-30-555-678', 'office@medtranslate.de', 'https://www.medtranslate.example', NULL, 'DE-MTS-006', 'Overflow interpreter partner used when in-house capacity is tight.', true, now() - interval '340 days')
ON CONFLICT (id) DO UPDATE
SET
    name = EXCLUDED.name,
    legal_name = EXCLUDED.legal_name,
    provider_type = EXCLUDED.provider_type,
    address_street = EXCLUDED.address_street,
    address_city = EXCLUDED.address_city,
    address_zip = EXCLUDED.address_zip,
    address_country = EXCLUDED.address_country,
    phone = EXCLUDED.phone,
    email = EXCLUDED.email,
    website = EXCLUDED.website,
    fachbereich = EXCLUDED.fachbereich,
    tax_id = EXCLUDED.tax_id,
    notes = EXCLUDED.notes,
    is_active = EXCLUDED.is_active,
    created_at = EXCLUDED.created_at;

INSERT INTO provider_doctors (
    id,
    provider_id,
    name,
    title,
    fachbereich,
    phone,
    email,
    notes,
    languages,
    license_number,
    licensing_country,
    licensing_valid_until,
    created_at
) VALUES
    ('c1000000-0000-0000-0000-000000000001', 'c0000000-0000-0000-0000-000000000001', 'Johannes Keller', 'Prof. Dr.', 'Innere Medizin', '+49-30-450-1111', 'j.keller@charite.de', 'Leads executive and preventive check-up packages.', ARRAY['de', 'en'], 'DE-BE-IM-001', 'Germany', CURRENT_DATE + 900, now() - interval '300 days'),
    ('c1000000-0000-0000-0000-000000000002', 'c0000000-0000-0000-0000-000000000001', 'Miriam Berger', 'Dr.', 'Dermatologie', '+49-30-450-2222', 'm.berger@charite.de', 'Used for dermatology and short-notice consult slots.', ARRAY['de', 'en'], 'DE-BE-DER-002', 'Germany', CURRENT_DATE + 760, now() - interval '290 days'),
    ('c1000000-0000-0000-0000-000000000003', 'c0000000-0000-0000-0000-000000000001', 'Florian Lehmann', 'Dr.', 'Urologie', '+49-30-450-3333', 'f.lehmann@charite.de', 'Used for international urology second opinions.', ARRAY['de', 'en'], 'DE-BE-URO-003', 'Germany', CURRENT_DATE + 810, now() - interval '285 days'),
    ('c1000000-0000-0000-0000-000000000004', 'c0000000-0000-0000-0000-000000000002', 'Felix Baumann', 'Dr.', 'Orthopaedie', '+49-30-9401-7811', 'f.baumann@helios-berlin.de', 'Primary orthopedics surgeon for knee and spine triage.', ARRAY['de', 'en'], 'DE-BE-ORT-004', 'Germany', CURRENT_DATE + 880, now() - interval '280 days'),
    ('c1000000-0000-0000-0000-000000000005', 'c0000000-0000-0000-0000-000000000002', 'Laura Weiss', 'Dr.', 'Radiologie', '+49-30-9401-7822', 'l.weiss@helios-berlin.de', 'MRI reporting and fast-turnaround radiology contact.', ARRAY['de', 'en'], 'DE-BE-RAD-005', 'Germany', CURRENT_DATE + 920, now() - interval '275 days'),
    ('c1000000-0000-0000-0000-000000000006', 'c0000000-0000-0000-0000-000000000003', 'Claudia Neumann', 'Prof. Dr.', 'Onkologie', '+49-6221-56-7711', 'c.neumann@ukl-hd.de', 'International office specialist for second-opinion boards.', ARRAY['de', 'en'], 'DE-BW-ONC-006', 'Germany', CURRENT_DATE + 960, now() - interval '270 days'),
    ('c1000000-0000-0000-0000-000000000007', 'c0000000-0000-0000-0000-000000000004', 'Matthias Krueger', 'Prof. Dr.', 'Kardiologie', '+49-89-4140-5511', 'm.krueger@mri.tum.de', 'Used for cardiac follow-up series and stress diagnostics.', ARRAY['de', 'en'], 'DE-BY-CAR-007', 'Germany', CURRENT_DATE + 940, now() - interval '265 days')
ON CONFLICT (id) DO UPDATE
SET
    provider_id = EXCLUDED.provider_id,
    name = EXCLUDED.name,
    title = EXCLUDED.title,
    fachbereich = EXCLUDED.fachbereich,
    phone = EXCLUDED.phone,
    email = EXCLUDED.email,
    notes = EXCLUDED.notes,
    languages = EXCLUDED.languages,
    license_number = EXCLUDED.license_number,
    licensing_country = EXCLUDED.licensing_country,
    licensing_valid_until = EXCLUDED.licensing_valid_until,
    created_at = EXCLUDED.created_at;

INSERT INTO service_catalog (
    id,
    provider_id,
    service_name,
    description,
    price,
    currency,
    valid_from,
    valid_to,
    created_at
) VALUES
    ('c2000000-0000-0000-0000-000000000001', 'c0000000-0000-0000-0000-000000000001', 'Executive preventive check-up', 'Full-day internal medicine, labs and specialist coordination.', 2850, 'EUR', CURRENT_DATE - 180, NULL, now() - interval '170 days'),
    ('c2000000-0000-0000-0000-000000000002', 'c0000000-0000-0000-0000-000000000001', 'Dermatology consultation', 'Focused dermatology visit with translated discharge summary.', 420, 'EUR', CURRENT_DATE - 180, NULL, now() - interval '170 days'),
    ('c2000000-0000-0000-0000-000000000003', 'c0000000-0000-0000-0000-000000000002', 'Knee MRI package', 'MRI with radiology report and image export.', 980, 'EUR', CURRENT_DATE - 180, NULL, now() - interval '168 days'),
    ('c2000000-0000-0000-0000-000000000004', 'c0000000-0000-0000-0000-000000000002', 'Orthopedic specialist consultation', 'Senior orthopedic review for surgery planning.', 390, 'EUR', CURRENT_DATE - 180, NULL, now() - interval '168 days'),
    ('c2000000-0000-0000-0000-000000000005', 'c0000000-0000-0000-0000-000000000003', 'Oncology second-opinion board', 'Tumor board review with written recommendation.', 1200, 'EUR', CURRENT_DATE - 180, NULL, now() - interval '166 days'),
    ('c2000000-0000-0000-0000-000000000006', 'c0000000-0000-0000-0000-000000000004', 'Cardiology follow-up consultation', 'Consultation, medication reconciliation and ECG review.', 560, 'EUR', CURRENT_DATE - 180, NULL, now() - interval '164 days'),
    ('c2000000-0000-0000-0000-000000000007', 'c0000000-0000-0000-0000-000000000004', 'Stress echo package', 'Stress echo plus written recommendations.', 890, 'EUR', CURRENT_DATE - 180, NULL, now() - interval '164 days'),
    ('c2000000-0000-0000-0000-000000000008', 'c0000000-0000-0000-0000-000000000005', 'Airport meet and greet', 'Arrival coordination from BER to hotel or clinic.', 180, 'EUR', CURRENT_DATE - 180, NULL, now() - interval '160 days'),
    ('c2000000-0000-0000-0000-000000000009', 'c0000000-0000-0000-0000-000000000005', 'Hotel coordination', 'Rate negotiation and pre-arrival room setup.', 220, 'EUR', CURRENT_DATE - 180, NULL, now() - interval '160 days'),
    ('c2000000-0000-0000-0000-000000000010', 'c0000000-0000-0000-0000-000000000006', 'Interpreter support hour', 'Overflow medical interpretation billed per hour.', 95, 'EUR', CURRENT_DATE - 180, NULL, now() - interval '158 days')
ON CONFLICT (id) DO UPDATE
SET
    provider_id = EXCLUDED.provider_id,
    service_name = EXCLUDED.service_name,
    description = EXCLUDED.description,
    price = EXCLUDED.price,
    currency = EXCLUDED.currency,
    valid_from = EXCLUDED.valid_from,
    valid_to = EXCLUDED.valid_to,
    created_at = EXCLUDED.created_at;

INSERT INTO provider_templates (
    id,
    provider_id,
    doctor_id,
    label,
    description,
    art,
    category,
    default_auto_name,
    default_status,
    default_visibility,
    is_medical,
    supported_languages,
    body_de,
    body_en,
    body_uk,
    body_ru,
    notes,
    is_active,
    created_by,
    updated_by,
    created_at,
    updated_at,
    auto_send_on_confirmed_appointment
) VALUES
    (
        'c3000000-0000-0000-0000-000000000001',
        'c0000000-0000-0000-0000-000000000001',
        'c1000000-0000-0000-0000-000000000001',
        'Charite executive preparation sheet',
        'Pre-visit instruction sheet released to patient portal once appointment is confirmed.',
        'provider_template_instruction',
        'provider_template',
        'Charite preparation sheet',
        'active',
        'patient_visible',
        true,
        ARRAY['de', 'en', 'ru'],
        'Bitte bringen Sie aktuelle Laborwerte, Medikamentenliste und Reisepass mit.',
        'Please bring current laboratory results, medication list and passport.',
        NULL,
        'Please bring current laboratory results, medication list and passport.',
        'Used for executive check-up appointments.',
        true,
        'a0000000-0000-0000-0000-000000000003',
        'a0000000-0000-0000-0000-000000000003',
        now() - interval '65 days',
        now() - interval '18 days',
        true
    ),
    (
        'c3000000-0000-0000-0000-000000000002',
        'c0000000-0000-0000-0000-000000000002',
        'c1000000-0000-0000-0000-000000000004',
        'Helios orthopedic document pack',
        'Checklist for imaging, prior reports and mobility aids.',
        'provider_template_instruction',
        'provider_template',
        'Helios orthopedic checklist',
        'active',
        'patient_visible',
        true,
        ARRAY['de', 'en', 'uk', 'ru'],
        'Bitte laden Sie MRT-Bilder, OP-Berichte und aktuelle Schmerzmedikation hoch.',
        'Please upload MRI images, prior surgical reports and current pain medication list.',
        'Please upload MRI images, prior surgical reports and current pain medication list.',
        'Please upload MRI images, prior surgical reports and current pain medication list.',
        'Used for spine and knee cases.',
        true,
        'a0000000-0000-0000-0000-000000000003',
        'a0000000-0000-0000-0000-000000000003',
        now() - interval '63 days',
        now() - interval '14 days',
        true
    ),
    (
        'c3000000-0000-0000-0000-000000000003',
        'c0000000-0000-0000-0000-000000000003',
        'c1000000-0000-0000-0000-000000000006',
        'Heidelberg oncology summary cover',
        'Portal-facing cover page for second-opinion results.',
        'provider_template_instruction',
        'provider_template',
        'Oncology summary cover',
        'active',
        'patient_visible',
        true,
        ARRAY['de', 'en', 'ar'],
        'Diese Zusammenfassung ersetzt nicht die Originalpathologie.',
        'This summary does not replace the original pathology report.',
        NULL,
        NULL,
        'Used when second-opinion letter is released to the portal.',
        true,
        'a0000000-0000-0000-0000-000000000003',
        'a0000000-0000-0000-0000-000000000003',
        now() - interval '60 days',
        now() - interval '10 days',
        false
    )
ON CONFLICT (id) DO UPDATE
SET
    provider_id = EXCLUDED.provider_id,
    doctor_id = EXCLUDED.doctor_id,
    label = EXCLUDED.label,
    description = EXCLUDED.description,
    art = EXCLUDED.art,
    category = EXCLUDED.category,
    default_auto_name = EXCLUDED.default_auto_name,
    default_status = EXCLUDED.default_status,
    default_visibility = EXCLUDED.default_visibility,
    is_medical = EXCLUDED.is_medical,
    supported_languages = EXCLUDED.supported_languages,
    body_de = EXCLUDED.body_de,
    body_en = EXCLUDED.body_en,
    body_uk = EXCLUDED.body_uk,
    body_ru = EXCLUDED.body_ru,
    notes = EXCLUDED.notes,
    is_active = EXCLUDED.is_active,
    created_by = EXCLUDED.created_by,
    updated_by = EXCLUDED.updated_by,
    updated_at = EXCLUDED.updated_at,
    auto_send_on_confirmed_appointment = EXCLUDED.auto_send_on_confirmed_appointment;

INSERT INTO agency_service_catalog (
    id,
    service_key,
    service_name,
    description,
    unit_label,
    unit_price,
    currency,
    vat_rate,
    is_active,
    valid_from,
    valid_to,
    created_by,
    updated_by,
    created_at,
    updated_at
) VALUES
    ('12300000-0000-0000-0000-000000000001', 'treatment_organization', 'Treatment organization', 'Agency coordination and treatment scheduling.', 'package', 550, 'EUR', 19, true, CURRENT_DATE - 180, NULL, 'a0000000-0000-0000-0000-000000000008', 'a0000000-0000-0000-0000-000000000008', now() - interval '150 days', now() - interval '10 days'),
    ('12300000-0000-0000-0000-000000000002', 'interpreter_hours', 'Interpreter support', 'Medical interpretation billed per hour.', 'hour', 95, 'EUR', 19, true, CURRENT_DATE - 180, NULL, 'a0000000-0000-0000-0000-000000000008', 'a0000000-0000-0000-0000-000000000008', now() - interval '150 days', now() - interval '10 days'),
    ('12300000-0000-0000-0000-000000000003', 'airport_transfer', 'Airport transfer coordination', 'Airport pickup or hotel transfer handled by concierge.', 'ride', 180, 'EUR', 19, true, CURRENT_DATE - 180, NULL, 'a0000000-0000-0000-0000-000000000008', 'a0000000-0000-0000-0000-000000000008', now() - interval '149 days', now() - interval '10 days'),
    ('12300000-0000-0000-0000-000000000004', 'concierge_companion', 'Companion support', 'Additional family coordination and on-site support.', 'day', 240, 'EUR', 19, true, CURRENT_DATE - 180, NULL, 'a0000000-0000-0000-0000-000000000008', 'a0000000-0000-0000-0000-000000000008', now() - interval '149 days', now() - interval '10 days')
ON CONFLICT (service_key) DO UPDATE
SET
    service_name = EXCLUDED.service_name,
    description = EXCLUDED.description,
    unit_label = EXCLUDED.unit_label,
    unit_price = EXCLUDED.unit_price,
    currency = EXCLUDED.currency,
    vat_rate = EXCLUDED.vat_rate,
    is_active = EXCLUDED.is_active,
    valid_from = EXCLUDED.valid_from,
    valid_to = EXCLUDED.valid_to,
    updated_by = EXCLUDED.updated_by,
    updated_at = EXCLUDED.updated_at;

INSERT INTO leads (
    id,
    first_name,
    last_name,
    email,
    phone,
    source,
    country,
    compliance_status,
    qualification_status,
    converted_patient_id,
    notes,
    created_by,
    created_at,
    intake_source,
    flow,
    locale,
    submitted_at,
    date_of_birth,
    legal_sex,
    email_consent,
    primary_phone_type,
    phones,
    whatsapp_consent,
    whatsapp_number,
    city,
    primary_language,
    needs_interpreter,
    selected_program,
    can_travel,
    has_medical_records,
    records_in_accepted_language,
    has_travel_documents,
    currently_in_treatment,
    has_health_risk_for_travel,
    primary_concern_text,
    services,
    has_insurance,
    insurance_covers_germany,
    preferred_location,
    visit_timing,
    message,
    consent_automated_contact,
    consent_healthcare,
    consent_privacy_practices,
    raw_payload,
    failed_outcome_status,
    failed_from_status,
    failed_reason,
    failed_note,
    failed_processed_at,
    failed_processed_by
) VALUES
    ('d0000000-0000-0000-0000-000000000001', 'Ivan', 'Petrov', 'ivan.petrov@yandex.ru', '+7-916-111-2233', 'website', 'Russia', 'documents_sent', 'new', NULL, 'Requested early May cardiac surgery triage and interpreter support.', NULL, now() - interval '18 days', 'website_form', 'medical', 'ru', now() - interval '18 days', '1975-03-14', 'male', true, 'mobile', '[{"number":"+7-916-111-2233","type":"mobile"}]'::jsonb, false, NULL, 'Moscow', 'ru', true, 'cardiology_fast_track', true, 'yes', true, true, true, false, 'Cardiac surgery consultation after recent angiography.', ARRAY['medical_second_opinion', 'interpreter_support'], true, 'not_sure', 'Berlin', 'within_4_weeks', 'Can upload angiography CD immediately.', true, true, true, '{"utm_source":"google","wizard_version":"v2"}'::jsonb, 'none', NULL, NULL, NULL, NULL, NULL),
    ('d0000000-0000-0000-0000-000000000002', 'Nadia', 'Kowalski', 'nadia.k@gmail.com', '+48-512-345-678', 'referral', 'Poland', 'pending', 'in_progress', NULL, 'Waiting for insurer answer before MRI booking.', 'a0000000-0000-0000-0000-000000000009', now() - interval '15 days', 'crm_manual', 'medical', 'pl', now() - interval '15 days', '1989-11-30', 'female', true, 'mobile', '[{"number":"+48-512-345-678","type":"mobile"}]'::jsonb, false, NULL, 'Warsaw', 'pl', true, 'orthopedics', true, 'yes', false, true, false, false, 'Orthopedic knee replacement and rehabilitation estimate.', ARRAY['medical_second_opinion', 'rehabilitation'], true, 'no', 'Berlin', 'summer', 'Referral came through long-time agency partner.', true, true, true, '{"lead_owner":"sales"}'::jsonb, 'none', NULL, NULL, NULL, NULL, NULL),
    ('d0000000-0000-0000-0000-000000000003', 'Tariq', 'Al-Mansur', 'tariq.m@hotmail.com', '+966-50-111-2233', 'agent', 'Saudi Arabia', 'signed', 'qualified', NULL, 'Executive check-up package likely to convert this week.', 'a0000000-0000-0000-0000-000000000009', now() - interval '14 days', 'partner_portal', 'medical', 'en', now() - interval '14 days', '1981-02-02', 'male', true, 'mobile', '[{"number":"+966-50-111-2233","type":"mobile"}]'::jsonb, true, '+966-50-111-2233', 'Riyadh', 'en', false, 'executive_screening', true, 'yes', true, true, false, false, 'Full-body check-up with cardiology, GI and labs.', ARRAY['executive_checkup', 'concierge_support'], true, 'not_sure', 'Berlin', 'within_8_weeks', 'Family will travel together if package is approved.', true, true, true, '{"agent":"Riyadh Med Travel"}'::jsonb, 'none', NULL, NULL, NULL, NULL, NULL),
    ('d0000000-0000-0000-0000-000000000004', 'Svetlana', 'Orlova', 'svetlana.o@mail.ru', '+7-903-222-3344', 'website', 'Russia', 'documents_sent', 'in_progress', NULL, 'Pathology slides are still in transit.', NULL, now() - interval '12 days', 'website_form', 'medical', 'ru', now() - interval '12 days', '1987-08-21', 'female', true, 'mobile', '[{"number":"+7-903-222-3344","type":"mobile"}]'::jsonb, true, '+7-903-222-3344', 'Kazan', 'ru', true, 'oncology_second_opinion', true, 'yes', false, true, true, false, 'Oncology second opinion after local chemotherapy recommendation.', ARRAY['medical_second_opinion', 'document_translation'], false, NULL, 'Heidelberg', 'asap', 'Wants written recommendation before next chemo cycle.', true, true, true, '{"channel":"organic"}'::jsonb, 'none', NULL, NULL, NULL, NULL, NULL),
    ('d0000000-0000-0000-0000-000000000005', 'Chen', 'Xiaoming', 'chen.xm@qq.com', '+86-139-0000-1111', 'partner', 'China', 'signed', 'qualified', NULL, 'Records already translated to English.', 'a0000000-0000-0000-0000-000000000009', now() - interval '10 days', 'partner_portal', 'medical', 'zh', now() - interval '10 days', '1979-06-17', 'male', true, 'mobile', '[{"number":"+86-139-0000-1111","type":"mobile"}]'::jsonb, false, NULL, 'Shenzhen', 'zh', true, 'spine_program', true, 'yes', true, true, true, false, 'Spine surgery planning with rehabilitation estimate.', ARRAY['medical_second_opinion', 'rehabilitation'], true, 'no', 'Berlin', 'within_6_weeks', 'Partner requested one consolidated quote.', true, true, true, '{"partner_id":"cn-clinic-17"}'::jsonb, 'none', NULL, NULL, NULL, NULL, NULL),
    ('d0000000-0000-0000-0000-000000000006', 'Olga', 'Shapiro', 'olga.sh@gmail.com', '+972-54-111-2233', 'website', 'Israel', 'pending', 'qualified', NULL, 'Needs fertility documentation checklist before quote issue.', NULL, now() - interval '9 days', 'website_form', 'medical', 'en', now() - interval '9 days', '1992-04-13', 'female', true, 'mobile', '[{"number":"+972-54-111-2233","type":"mobile"}]'::jsonb, true, '+972-54-111-2233', 'Tel Aviv', 'en', false, 'fertility_support', true, 'yes', true, true, true, false, 'Fertility treatment pathway and accommodation planning.', ARRAY['medical_treatment', 'concierge_support'], true, 'not_sure', 'Berlin', 'autumn', 'Sensitive case; wants female coordinator.', true, true, true, '{"priority":"high"}'::jsonb, 'none', NULL, NULL, NULL, NULL, NULL),
    ('d0000000-0000-0000-0000-000000000007', 'Amir', 'Hosseini', 'amir.h@gmail.com', '+98-912-345-6789', 'referral', 'Iran', 'pending', 'qualified', NULL, 'Dental case kept in demo as qualified but not yet converted.', 'a0000000-0000-0000-0000-000000000009', now() - interval '8 days', 'crm_manual', 'medical', 'fa', now() - interval '8 days', '1984-01-19', 'male', true, 'mobile', '[{"number":"+98-912-345-6789","type":"mobile"}]'::jsonb, false, NULL, 'Tehran', 'fa', true, 'dental_reconstruction', true, 'yes', false, true, false, false, 'Dental implant package and interpreter support.', ARRAY['medical_treatment', 'interpreter_support'], false, NULL, 'Berlin', 'within_8_weeks', 'Referral expects quick financing range.', true, true, true, '{"referrer":"Dr Rahimi"}'::jsonb, 'none', NULL, NULL, NULL, NULL, NULL),
    ('d0000000-0000-0000-0000-000000000008', 'Marta', 'Sokolowska', 'marta.s@onet.pl', '+48-509-876-543', 'website', 'Poland', 'rejected', 'not_qualified', NULL, 'Insurance does not cover fertility path in Germany and self-pay budget is not feasible.', NULL, now() - interval '24 days', 'website_form', 'medical', 'pl', now() - interval '24 days', '1988-09-12', 'female', true, 'mobile', '[{"number":"+48-509-876-543","type":"mobile"}]'::jsonb, false, NULL, 'Krakow', 'pl', true, 'fertility_support', false, 'yes', false, true, false, false, 'Requested IVF estimate but could not fund package privately.', ARRAY['medical_treatment'], true, 'no', 'Berlin', 'flexible', 'Asked to reopen if insurer policy changes.', true, true, true, '{"close_reason":"budget"}'::jsonb, 'archived', 'not_qualified', 'insurance_gap', 'Archived after final budget call with sales.', now() - interval '18 days', 'a0000000-0000-0000-0000-000000000009'),
    ('d0000000-0000-0000-0000-000000000009', 'Li', 'Wei', 'li.wei@pm.me', '+86-138-8888-1001', 'partner', 'China', 'signed', 'converted', 'b0000000-0000-0000-0000-000000000012', 'Converted into executive screening patient after company HR confirmed package.', 'a0000000-0000-0000-0000-000000000009', now() - interval '46 days', 'partner_portal', 'medical', 'en', now() - interval '46 days', '1995-07-08', 'female', true, 'mobile', '[{"number":"+86-138-8888-1001","type":"mobile"}]'::jsonb, false, NULL, 'Shanghai', 'en', false, 'executive_screening', true, 'yes', true, true, false, false, 'Corporate executive screening with insurance-backed travel support.', ARRAY['executive_checkup', 'concierge_support'], true, 'yes', 'Berlin', 'spring', 'Converted by patient manager after direct employer approval.', true, true, true, '{"converted_by":"patient_manager"}'::jsonb, 'none', NULL, NULL, NULL, NULL, NULL),
    ('d0000000-0000-0000-0000-000000000010', 'Ahmed', 'Hassan', 'ahmed.hassan@proton.me', '+20-100-234-5678', 'agent', 'Egypt', 'signed', 'converted', 'b0000000-0000-0000-0000-000000000011', 'Converted into urology patient after translated diagnostics arrived.', 'a0000000-0000-0000-0000-000000000009', now() - interval '41 days', 'agent_intake', 'medical', 'ar', now() - interval '41 days', '1988-04-20', 'male', true, 'mobile', '[{"number":"+20-100-234-5678","type":"mobile"}]'::jsonb, true, '+20-100-234-5678', 'Cairo', 'ar', true, 'urology_second_opinion', true, 'yes', false, true, true, false, 'Urology surgery planning and second-opinion coordination.', ARRAY['medical_second_opinion', 'interpreter_support'], false, NULL, 'Berlin', 'summer', 'Converted after MRI disk reached Berlin office.', true, true, true, '{"agent":"Nile Care"}'::jsonb, 'none', NULL, NULL, NULL, NULL, NULL)
ON CONFLICT (id) DO UPDATE
SET
    first_name = EXCLUDED.first_name,
    last_name = EXCLUDED.last_name,
    email = EXCLUDED.email,
    phone = EXCLUDED.phone,
    source = EXCLUDED.source,
    country = EXCLUDED.country,
    compliance_status = EXCLUDED.compliance_status,
    qualification_status = EXCLUDED.qualification_status,
    converted_patient_id = EXCLUDED.converted_patient_id,
    notes = EXCLUDED.notes,
    created_by = EXCLUDED.created_by,
    created_at = EXCLUDED.created_at,
    intake_source = EXCLUDED.intake_source,
    flow = EXCLUDED.flow,
    locale = EXCLUDED.locale,
    submitted_at = EXCLUDED.submitted_at,
    date_of_birth = EXCLUDED.date_of_birth,
    legal_sex = EXCLUDED.legal_sex,
    email_consent = EXCLUDED.email_consent,
    primary_phone_type = EXCLUDED.primary_phone_type,
    phones = EXCLUDED.phones,
    whatsapp_consent = EXCLUDED.whatsapp_consent,
    whatsapp_number = EXCLUDED.whatsapp_number,
    city = EXCLUDED.city,
    primary_language = EXCLUDED.primary_language,
    needs_interpreter = EXCLUDED.needs_interpreter,
    selected_program = EXCLUDED.selected_program,
    can_travel = EXCLUDED.can_travel,
    has_medical_records = EXCLUDED.has_medical_records,
    records_in_accepted_language = EXCLUDED.records_in_accepted_language,
    has_travel_documents = EXCLUDED.has_travel_documents,
    currently_in_treatment = EXCLUDED.currently_in_treatment,
    has_health_risk_for_travel = EXCLUDED.has_health_risk_for_travel,
    primary_concern_text = EXCLUDED.primary_concern_text,
    services = EXCLUDED.services,
    has_insurance = EXCLUDED.has_insurance,
    insurance_covers_germany = EXCLUDED.insurance_covers_germany,
    preferred_location = EXCLUDED.preferred_location,
    visit_timing = EXCLUDED.visit_timing,
    message = EXCLUDED.message,
    consent_automated_contact = EXCLUDED.consent_automated_contact,
    consent_healthcare = EXCLUDED.consent_healthcare,
    consent_privacy_practices = EXCLUDED.consent_privacy_practices,
    raw_payload = EXCLUDED.raw_payload,
    failed_outcome_status = EXCLUDED.failed_outcome_status,
    failed_from_status = EXCLUDED.failed_from_status,
    failed_reason = EXCLUDED.failed_reason,
    failed_note = EXCLUDED.failed_note,
    failed_processed_at = EXCLUDED.failed_processed_at,
    failed_processed_by = EXCLUDED.failed_processed_by;

INSERT INTO lead_attachments (
    id,
    lead_id,
    file_name,
    content_type,
    size_bytes,
    data,
    uploaded_at
) VALUES
    ('14300000-0000-0000-0000-000000000001', 'd0000000-0000-0000-0000-000000000001', 'angiography-summary.txt', 'text/plain', 98, convert_to('Translated summary of angiography findings and medication list.', 'UTF8'), now() - interval '17 days'),
    ('14300000-0000-0000-0000-000000000002', 'd0000000-0000-0000-0000-000000000004', 'pathology-cover-note.txt', 'text/plain', 92, convert_to('Pending pathology slides shipment confirmation from local hospital.', 'UTF8'), now() - interval '11 days'),
    ('14300000-0000-0000-0000-000000000003', 'd0000000-0000-0000-0000-000000000005', 'spine-mri-index.txt', 'text/plain', 74, convert_to('Index of uploaded MRI series and translated physician questions.', 'UTF8'), now() - interval '9 days')
ON CONFLICT (id) DO UPDATE
SET
    lead_id = EXCLUDED.lead_id,
    file_name = EXCLUDED.file_name,
    content_type = EXCLUDED.content_type,
    size_bytes = EXCLUDED.size_bytes,
    data = EXCLUDED.data,
    uploaded_at = EXCLUDED.uploaded_at;

INSERT INTO visitor_intakes (
    id,
    source,
    flow,
    locale,
    submitted_at,
    first_name,
    middle_name,
    last_name,
    date_of_birth,
    legal_sex,
    email,
    email_consent,
    primary_phone,
    primary_phone_type,
    phones,
    whatsapp_consent,
    whatsapp_number,
    country,
    city,
    primary_language,
    needs_interpreter,
    location,
    selected_program,
    can_travel,
    has_medical_records,
    records_in_accepted_language,
    has_travel_documents,
    currently_in_treatment,
    has_health_risk_for_travel,
    primary_concern_text,
    services,
    has_insurance,
    insurance_covers_germany,
    preferred_location,
    visit_timing,
    message,
    consent_automated_contact,
    consent_healthcare,
    consent_privacy_practices,
    raw_payload,
    processing_status,
    reviewed_by,
    reviewed_at,
    converted_lead_id,
    internal_notes,
    remote_ip,
    user_agent,
    created_at
) VALUES
    ('14200000-0000-0000-0000-000000000001', 'visitor_facade', 'medical', 'en', now() - interval '4 days', 'Samira', NULL, 'Khan', '1993-02-01', 'female', 'samira.khan@mail.com', true, '+92-301-111-2222', 'mobile', '[{"number":"+92-301-111-2222","type":"mobile"}]'::jsonb, true, '+92-301-111-2222', 'Pakistan', 'Karachi', 'en', false, 'outside_germany', 'oncology_second_opinion', true, 'yes', true, true, true, false, 'Needs pathology review before surgery decision.', ARRAY['medical_second_opinion', 'document_translation'], false, NULL, 'Heidelberg', 'within_4_weeks', 'Asked for fixed second-opinion package.', true, true, true, '{"step":"submitted"}'::jsonb, 'new', NULL, NULL, NULL, 'High-quality intake kept for sales follow-up.', '203.0.113.41', 'Mozilla/5.0 Demo Intake', now() - interval '4 days'),
    ('14200000-0000-0000-0000-000000000002', 'visitor_facade', 'medical', 'ru', now() - interval '20 days', 'Ivan', NULL, 'Petrov', '1975-03-14', 'male', 'ivan.petrov@yandex.ru', true, '+7-916-111-2233', 'mobile', '[{"number":"+7-916-111-2233","type":"mobile"}]'::jsonb, false, NULL, 'Russia', 'Moscow', 'ru', true, 'outside_germany', 'cardiology_fast_track', true, 'yes', true, true, true, false, 'Cardiac surgery triage after local angiography.', ARRAY['medical_second_opinion', 'interpreter_support'], true, 'not_sure', 'Berlin', 'within_4_weeks', 'Converted into active lead by patient manager.', true, true, true, '{"step":"converted"}'::jsonb, 'converted', 'a0000000-0000-0000-0000-000000000009', now() - interval '18 days', 'd0000000-0000-0000-0000-000000000001', 'Conversion preserved wizard payload for audit.', '198.51.100.14', 'Mozilla/5.0 Demo Intake', now() - interval '20 days'),
    ('14200000-0000-0000-0000-000000000003', 'visitor_facade', 'medical', 'en', now() - interval '7 days', 'Test', NULL, 'Spam', NULL, NULL, 'throwaway@example.com', false, '+1-555-000-0000', 'mobile', '[{"number":"+1-555-000-0000","type":"mobile"}]'::jsonb, false, NULL, 'United States', 'Unknown', 'en', false, 'outside_germany', NULL, false, 'none', false, false, false, false, 'SEO spam submission.', ARRAY[]::text[], false, NULL, NULL, NULL, 'Marked as spam for demo moderation states.', false, false, true, '{"step":"spam"}'::jsonb, 'spam', 'a0000000-0000-0000-0000-000000000009', now() - interval '6 days', NULL, 'Kept to show spam moderation state in admin views.', '192.0.2.10', 'curl/8.0', now() - interval '7 days')
ON CONFLICT (id) DO UPDATE
SET
    source = EXCLUDED.source,
    flow = EXCLUDED.flow,
    locale = EXCLUDED.locale,
    submitted_at = EXCLUDED.submitted_at,
    first_name = EXCLUDED.first_name,
    middle_name = EXCLUDED.middle_name,
    last_name = EXCLUDED.last_name,
    date_of_birth = EXCLUDED.date_of_birth,
    legal_sex = EXCLUDED.legal_sex,
    email = EXCLUDED.email,
    email_consent = EXCLUDED.email_consent,
    primary_phone = EXCLUDED.primary_phone,
    primary_phone_type = EXCLUDED.primary_phone_type,
    phones = EXCLUDED.phones,
    whatsapp_consent = EXCLUDED.whatsapp_consent,
    whatsapp_number = EXCLUDED.whatsapp_number,
    country = EXCLUDED.country,
    city = EXCLUDED.city,
    primary_language = EXCLUDED.primary_language,
    needs_interpreter = EXCLUDED.needs_interpreter,
    location = EXCLUDED.location,
    selected_program = EXCLUDED.selected_program,
    can_travel = EXCLUDED.can_travel,
    has_medical_records = EXCLUDED.has_medical_records,
    records_in_accepted_language = EXCLUDED.records_in_accepted_language,
    has_travel_documents = EXCLUDED.has_travel_documents,
    currently_in_treatment = EXCLUDED.currently_in_treatment,
    has_health_risk_for_travel = EXCLUDED.has_health_risk_for_travel,
    primary_concern_text = EXCLUDED.primary_concern_text,
    services = EXCLUDED.services,
    has_insurance = EXCLUDED.has_insurance,
    insurance_covers_germany = EXCLUDED.insurance_covers_germany,
    preferred_location = EXCLUDED.preferred_location,
    visit_timing = EXCLUDED.visit_timing,
    message = EXCLUDED.message,
    consent_automated_contact = EXCLUDED.consent_automated_contact,
    consent_healthcare = EXCLUDED.consent_healthcare,
    consent_privacy_practices = EXCLUDED.consent_privacy_practices,
    raw_payload = EXCLUDED.raw_payload,
    processing_status = EXCLUDED.processing_status,
    reviewed_by = EXCLUDED.reviewed_by,
    reviewed_at = EXCLUDED.reviewed_at,
    converted_lead_id = EXCLUDED.converted_lead_id,
    internal_notes = EXCLUDED.internal_notes,
    remote_ip = EXCLUDED.remote_ip,
    user_agent = EXCLUDED.user_agent,
    created_at = EXCLUDED.created_at;

INSERT INTO visitor_intake_attachments (
    id,
    visitor_intake_id,
    file_name,
    content_type,
    size_bytes,
    data,
    uploaded_at
) VALUES
    ('14310000-0000-0000-0000-000000000001', '14200000-0000-0000-0000-000000000001', 'biopsy-summary.txt', 'text/plain', 77, convert_to('Biopsy summary and two referral questions from local oncologist.', 'UTF8'), now() - interval '4 days'),
    ('14310000-0000-0000-0000-000000000002', '14200000-0000-0000-0000-000000000002', 'angiography-index.txt', 'text/plain', 72, convert_to('Index of angiography images and translated discharge note.', 'UTF8'), now() - interval '19 days')
ON CONFLICT (id) DO UPDATE
SET
    visitor_intake_id = EXCLUDED.visitor_intake_id,
    file_name = EXCLUDED.file_name,
    content_type = EXCLUDED.content_type,
    size_bytes = EXCLUDED.size_bytes,
    data = EXCLUDED.data,
    uploaded_at = EXCLUDED.uploaded_at;

INSERT INTO framework_contracts (
    id,
    patient_id,
    contract_number,
    signed_at,
    valid_from,
    valid_to,
    conditions,
    status,
    created_by,
    created_at
) VALUES
    ('12000000-0000-0000-0000-000000000001', 'b0000000-0000-0000-0000-000000000001', 'FC-2026-001', now() - interval '65 days', CURRENT_DATE - 65, CURRENT_DATE + 300, '{"billing_mode":"self_pay","travel_window":"spring_2026"}'::jsonb, 'signed', 'a0000000-0000-0000-0000-000000000003', now() - interval '65 days'),
    ('12000000-0000-0000-0000-000000000002', 'b0000000-0000-0000-0000-000000000007', 'FC-2026-002', now() - interval '58 days', CURRENT_DATE - 58, CURRENT_DATE + 240, '{"billing_mode":"self_pay","concierge_included":true}'::jsonb, 'signed', 'a0000000-0000-0000-0000-000000000003', now() - interval '58 days'),
    ('12000000-0000-0000-0000-000000000003', 'b0000000-0000-0000-0000-000000000008', 'FC-2026-003', now() - interval '54 days', CURRENT_DATE - 54, CURRENT_DATE + 300, '{"billing_mode":"private_insurance","translation_scope":"ar_en"}'::jsonb, 'signed', 'a0000000-0000-0000-0000-000000000003', now() - interval '54 days'),
    ('12000000-0000-0000-0000-000000000004', 'b0000000-0000-0000-0000-000000000012', 'FC-2026-004', now() - interval '32 days', CURRENT_DATE - 32, CURRENT_DATE + 365, '{"billing_mode":"corporate_package","vip_service":true}'::jsonb, 'signed', 'a0000000-0000-0000-0000-000000000003', now() - interval '32 days')
ON CONFLICT (contract_number) DO UPDATE
SET
    patient_id = EXCLUDED.patient_id,
    signed_at = EXCLUDED.signed_at,
    valid_from = EXCLUDED.valid_from,
    valid_to = EXCLUDED.valid_to,
    conditions = EXCLUDED.conditions,
    status = EXCLUDED.status,
    created_by = EXCLUDED.created_by,
    created_at = EXCLUDED.created_at;

INSERT INTO orders (
    id,
    order_number,
    patient_id,
    contract_id,
    phase,
    status,
    needs_description,
    conditions,
    signed_patient,
    signed_agency,
    signed_at,
    total_estimated,
    total_actual,
    currency,
    notes,
    created_by,
    created_at,
    billing_release_status,
    billing_release_note,
    billing_released_by,
    billing_released_at,
    package_coverage_status,
    package_coverage_note,
    package_coverage_decided_by,
    package_coverage_decided_at
) VALUES
    ('f0000000-0000-0000-0000-000000000001', 'ORD-2026-001', 'b0000000-0000-0000-0000-000000000001', '12000000-0000-0000-0000-000000000001', 'execution', 'active', 'Executive preventive check-up with endocrine review and travel coordination.', '{"priority":"high","entry_channel":"patient_manager"}'::jsonb, true, true, now() - interval '65 days', 3950, 3815, 'EUR', 'All labs, travel and translated discharge summary managed in one package.', 'a0000000-0000-0000-0000-000000000003', now() - interval '65 days', 'granted', 'Self-pay package approved for billing.', 'a0000000-0000-0000-0000-000000000008', now() - interval '20 days', 'not_covered', 'Patient is self-pay.', 'a0000000-0000-0000-0000-000000000003', now() - interval '63 days'),
    ('f0000000-0000-0000-0000-000000000002', 'ORD-2026-002', 'b0000000-0000-0000-0000-000000000002', NULL, 'execution', 'active', 'Hematology workup, iron infusion review and insurer communication.', '{"priority":"medium","payer":"Allianz Global"}'::jsonb, false, false, NULL, 1480, 920, 'EUR', 'Waiting for final insurer wording before second procedure is invoiced.', 'a0000000-0000-0000-0000-000000000003', now() - interval '42 days', 'pending', 'Billing waits for insurer clarification.', NULL, NULL, 'covered', 'Private policy confirmed to reimburse outpatient diagnostics.', 'a0000000-0000-0000-0000-000000000003', now() - interval '35 days'),
    ('f0000000-0000-0000-0000-000000000003', 'ORD-2026-003', 'b0000000-0000-0000-0000-000000000003', NULL, 'discovery', 'active', 'Knee MRI and orthopedic second-opinion planning.', '{"priority":"medium"}'::jsonb, false, false, NULL, 1670, NULL, 'EUR', 'Still in provider-shortlist stage while local MRI is being uploaded.', 'a0000000-0000-0000-0000-000000000003', now() - interval '36 days', 'pending', NULL, NULL, NULL, 'unknown', NULL, NULL, NULL),
    ('f0000000-0000-0000-0000-000000000004', 'ORD-2026-004', 'b0000000-0000-0000-0000-000000000004', NULL, 'intake', 'active', 'Cardiology consultation, ECG and stress diagnostics.', '{"priority":"high"}'::jsonb, false, false, NULL, 1450, NULL, 'EUR', 'Moved into intake after records arrived from Denmark.', 'a0000000-0000-0000-0000-000000000003', now() - interval '34 days', 'pending', NULL, NULL, NULL, 'covered', 'Private Danish policy likely covers diagnostics only.', 'a0000000-0000-0000-0000-000000000003', now() - interval '31 days'),
    ('f0000000-0000-0000-0000-000000000005', 'ORD-2026-005', 'b0000000-0000-0000-0000-000000000005', NULL, 'intake', 'active', 'Travel clearance and preventive check-up with hotel coordination.', '{"priority":"normal"}'::jsonb, false, false, NULL, 980, NULL, 'EUR', 'Used in demo to show non-medical appointment linkage before travel.', 'a0000000-0000-0000-0000-000000000003', now() - interval '28 days', 'pending', NULL, NULL, NULL, 'unknown', NULL, NULL, NULL),
    ('f0000000-0000-0000-0000-000000000006', 'ORD-2026-006', 'b0000000-0000-0000-0000-000000000007', '12000000-0000-0000-0000-000000000002', 'execution', 'active', 'Spinal MRI, orthopedic review and rehab planning.', '{"priority":"high","requires_interpreter":true}'::jsonb, true, true, now() - interval '58 days', 4860, 3125, 'EUR', 'Execution-phase flagship demo order with imaging, interpreter and concierge touches.', 'a0000000-0000-0000-0000-000000000003', now() - interval '58 days', 'granted', 'Interpreter and coordination charges can be billed as delivered.', 'a0000000-0000-0000-0000-000000000008', now() - interval '8 days', 'not_covered', 'Self-pay spine package.', 'a0000000-0000-0000-0000-000000000003', now() - interval '58 days'),
    ('f0000000-0000-0000-0000-000000000007', 'ORD-2026-007', 'b0000000-0000-0000-0000-000000000008', '12000000-0000-0000-0000-000000000003', 'closure', 'active', 'Oncology second opinion with translated summary and follow-up handoff.', '{"priority":"high","vip_patient":true}'::jsonb, true, true, now() - interval '54 days', 4300, 4180, 'EUR', 'Waiting for final translated recommendation and external provider invoice settlement.', 'a0000000-0000-0000-0000-000000000003', now() - interval '54 days', 'granted', 'Closure documentation ready for billing review.', 'a0000000-0000-0000-0000-000000000008', now() - interval '6 days', 'covered', 'Private insurance should reimburse second-opinion consultation but not concierge extras.', 'a0000000-0000-0000-0000-000000000003', now() - interval '53 days'),
    ('f0000000-0000-0000-0000-000000000008', 'ORD-2026-008', 'b0000000-0000-0000-0000-000000000009', NULL, 'followup', 'active', 'Post-stent cardiology follow-up and medication monitoring.', '{"priority":"high","care_path":"followup"}'::jsonb, false, false, NULL, 1620, 560, 'EUR', 'Recurring follow-up appointments and medication monitoring kept active.', 'a0000000-0000-0000-0000-000000000003', now() - interval '44 days', 'pending', 'Next follow-up invoice waits for second visit completion.', NULL, NULL, 'not_covered', 'Follow-up plan is self-pay.', 'a0000000-0000-0000-0000-000000000003', now() - interval '44 days'),
    ('f0000000-0000-0000-0000-000000000009', 'ORD-2026-009', 'b0000000-0000-0000-0000-000000000012', '12000000-0000-0000-0000-000000000004', 'execution', 'active', 'Comprehensive executive screening with portal release of results.', '{"priority":"high","vip_patient":true}'::jsonb, true, true, now() - interval '32 days', 5120, 4680, 'EUR', 'Includes cardiology, labs, GI and concierge support for corporate traveler.', 'a0000000-0000-0000-0000-000000000003', now() - interval '32 days', 'granted', 'Corporate package cleared by billing for staged invoicing.', 'a0000000-0000-0000-0000-000000000008', now() - interval '5 days', 'covered', 'Corporate insurance covers primary screening bundle.', 'a0000000-0000-0000-0000-000000000003', now() - interval '31 days'),
    ('f0000000-0000-0000-0000-000000000010', 'ORD-2026-010', 'b0000000-0000-0000-0000-000000000013', NULL, 'discovery', 'active', 'Pre-operative knee arthroplasty evaluation and provider shortlist.', '{"priority":"medium"}'::jsonb, false, false, NULL, 2740, NULL, 'EUR', 'Quote draft exists but patient has not confirmed travel window yet.', 'a0000000-0000-0000-0000-000000000001', now() - interval '26 days', 'pending', NULL, NULL, NULL, 'unknown', NULL, NULL, NULL)
ON CONFLICT (id) DO UPDATE
SET
    order_number = EXCLUDED.order_number,
    patient_id = EXCLUDED.patient_id,
    contract_id = EXCLUDED.contract_id,
    phase = EXCLUDED.phase,
    status = EXCLUDED.status,
    needs_description = EXCLUDED.needs_description,
    conditions = EXCLUDED.conditions,
    signed_patient = EXCLUDED.signed_patient,
    signed_agency = EXCLUDED.signed_agency,
    signed_at = EXCLUDED.signed_at,
    total_estimated = EXCLUDED.total_estimated,
    total_actual = EXCLUDED.total_actual,
    currency = EXCLUDED.currency,
    notes = EXCLUDED.notes,
    created_by = EXCLUDED.created_by,
    created_at = EXCLUDED.created_at,
    billing_release_status = EXCLUDED.billing_release_status,
    billing_release_note = EXCLUDED.billing_release_note,
    billing_released_by = EXCLUDED.billing_released_by,
    billing_released_at = EXCLUDED.billing_released_at,
    package_coverage_status = EXCLUDED.package_coverage_status,
    package_coverage_note = EXCLUDED.package_coverage_note,
    package_coverage_decided_by = EXCLUDED.package_coverage_decided_by,
    package_coverage_decided_at = EXCLUDED.package_coverage_decided_at;

INSERT INTO order_planning_preparation (
    order_id,
    treatment_plan_status,
    treatment_plan_note,
    non_medical_required,
    interpreter_required,
    preparation_documents_status,
    interpreter_briefing_status,
    plan_finalized_at,
    plan_finalized_by,
    preparation_documents_sent_at,
    preparation_documents_sent_by,
    interpreter_briefed_at,
    interpreter_briefed_by,
    created_at
) VALUES
    ('f0000000-0000-0000-0000-000000000001', 'finalized', 'Executive route agreed with patient and provider.', true, false, 'sent', 'not_needed', now() - interval '20 days', 'a0000000-0000-0000-0000-000000000003', now() - interval '18 days', 'a0000000-0000-0000-0000-000000000003', NULL, NULL, now() - interval '58 days'),
    ('f0000000-0000-0000-0000-000000000003', 'draft', 'Awaiting outside MRI and orthopedic shortlist.', false, true, 'pending', 'pending', NULL, NULL, NULL, NULL, NULL, NULL, now() - interval '20 days'),
    ('f0000000-0000-0000-0000-000000000004', 'agreed', 'Cardiology plan accepted pending final slot confirmation.', false, false, 'sent', 'not_needed', now() - interval '12 days', 'a0000000-0000-0000-0000-000000000003', now() - interval '11 days', 'a0000000-0000-0000-0000-000000000003', NULL, NULL, now() - interval '19 days'),
    ('f0000000-0000-0000-0000-000000000006', 'finalized', 'Spine execution package locked after MRI triage.', true, true, 'sent', 'completed', now() - interval '9 days', 'a0000000-0000-0000-0000-000000000003', now() - interval '8 days', 'a0000000-0000-0000-0000-000000000003', now() - interval '3 days', 'a0000000-0000-0000-0000-000000000004', now() - interval '18 days'),
    ('f0000000-0000-0000-0000-000000000007', 'finalized', 'Oncology recommendation package is in closure.', true, true, 'sent', 'completed', now() - interval '14 days', 'a0000000-0000-0000-0000-000000000003', now() - interval '13 days', 'a0000000-0000-0000-0000-000000000003', now() - interval '12 days', 'a0000000-0000-0000-0000-000000000004', now() - interval '20 days'),
    ('f0000000-0000-0000-0000-000000000009', 'finalized', 'VIP screening plan approved by employer and patient.', true, false, 'sent', 'not_needed', now() - interval '7 days', 'a0000000-0000-0000-0000-000000000003', now() - interval '6 days', 'a0000000-0000-0000-0000-000000000003', NULL, NULL, now() - interval '16 days'),
    ('f0000000-0000-0000-0000-000000000010', 'draft', 'Still comparing Berlin versus Munich providers.', false, true, 'pending', 'pending', NULL, NULL, NULL, NULL, NULL, NULL, now() - interval '11 days')
ON CONFLICT (order_id) DO UPDATE
SET
    treatment_plan_status = EXCLUDED.treatment_plan_status,
    treatment_plan_note = EXCLUDED.treatment_plan_note,
    non_medical_required = EXCLUDED.non_medical_required,
    interpreter_required = EXCLUDED.interpreter_required,
    preparation_documents_status = EXCLUDED.preparation_documents_status,
    interpreter_briefing_status = EXCLUDED.interpreter_briefing_status,
    plan_finalized_at = EXCLUDED.plan_finalized_at,
    plan_finalized_by = EXCLUDED.plan_finalized_by,
    preparation_documents_sent_at = EXCLUDED.preparation_documents_sent_at,
    preparation_documents_sent_by = EXCLUDED.preparation_documents_sent_by,
    interpreter_briefed_at = EXCLUDED.interpreter_briefed_at,
    interpreter_briefed_by = EXCLUDED.interpreter_briefed_by,
    created_at = EXCLUDED.created_at;

INSERT INTO order_execution_flows (
    order_id,
    arrival_status,
    medical_execution_status,
    non_medical_execution_status,
    interpreter_service_status,
    issue_status,
    deviation_note,
    execution_summary,
    arrival_recorded_at,
    arrival_recorded_by,
    medical_completed_at,
    medical_completed_by,
    non_medical_completed_at,
    non_medical_completed_by,
    interpreter_completed_at,
    interpreter_completed_by,
    issues_resolved_at,
    issues_resolved_by,
    created_at
) VALUES
    ('f0000000-0000-0000-0000-000000000001', 'arrived', 'completed', 'completed', 'not_required', 'resolved', NULL, 'Check-up completed; endocrine follow-up converted into document release and invoice.', now() - interval '2 days', 'a0000000-0000-0000-0000-000000000007', now() - interval '2 days', 'a0000000-0000-0000-0000-000000000003', now() - interval '2 days', 'a0000000-0000-0000-0000-000000000007', NULL, NULL, now() - interval '2 days', 'a0000000-0000-0000-0000-000000000003', now() - interval '18 days'),
    ('f0000000-0000-0000-0000-000000000002', 'arrived', 'in_progress', 'not_required', 'completed', 'pending', 'Insurer wording still open for second hematology step.', 'First diagnostic block complete; waiting for coverage wording.', now() - interval '1 day', 'a0000000-0000-0000-0000-000000000007', NULL, NULL, NULL, NULL, now() - interval '1 day', 'a0000000-0000-0000-0000-000000000004', NULL, NULL, now() - interval '16 days'),
    ('f0000000-0000-0000-0000-000000000006', 'arrived', 'in_progress', 'in_progress', 'in_progress', 'monitoring', 'Patient requested additional rehab option before final treatment decision.', 'MRI completed; orthopedic consult confirmed; interpreter and transfer active.', now() - interval '1 day', 'a0000000-0000-0000-0000-000000000007', NULL, NULL, NULL, NULL, NULL, NULL, NULL, NULL, now() - interval '15 days'),
    ('f0000000-0000-0000-0000-000000000007', 'arrived', 'completed', 'completed', 'completed', 'resolved', NULL, 'Second-opinion board completed and translated summary prepared.', now() - interval '4 days', 'a0000000-0000-0000-0000-000000000007', now() - interval '4 days', 'a0000000-0000-0000-0000-000000000003', now() - interval '4 days', 'a0000000-0000-0000-0000-000000000007', now() - interval '4 days', 'a0000000-0000-0000-0000-000000000004', now() - interval '3 days', 'a0000000-0000-0000-0000-000000000003', now() - interval '14 days'),
    ('f0000000-0000-0000-0000-000000000009', 'pending', 'in_progress', 'in_progress', 'not_required', 'not_required', NULL, 'Employer-approved VIP screening is mid-execution.', NULL, NULL, NULL, NULL, NULL, NULL, NULL, NULL, NULL, NULL, now() - interval '7 days')
ON CONFLICT (order_id) DO UPDATE
SET
    arrival_status = EXCLUDED.arrival_status,
    medical_execution_status = EXCLUDED.medical_execution_status,
    non_medical_execution_status = EXCLUDED.non_medical_execution_status,
    interpreter_service_status = EXCLUDED.interpreter_service_status,
    issue_status = EXCLUDED.issue_status,
    deviation_note = EXCLUDED.deviation_note,
    execution_summary = EXCLUDED.execution_summary,
    arrival_recorded_at = EXCLUDED.arrival_recorded_at,
    arrival_recorded_by = EXCLUDED.arrival_recorded_by,
    medical_completed_at = EXCLUDED.medical_completed_at,
    medical_completed_by = EXCLUDED.medical_completed_by,
    non_medical_completed_at = EXCLUDED.non_medical_completed_at,
    non_medical_completed_by = EXCLUDED.non_medical_completed_by,
    interpreter_completed_at = EXCLUDED.interpreter_completed_at,
    interpreter_completed_by = EXCLUDED.interpreter_completed_by,
    issues_resolved_at = EXCLUDED.issues_resolved_at,
    issues_resolved_by = EXCLUDED.issues_resolved_by,
    created_at = EXCLUDED.created_at;

INSERT INTO order_followup_flows (
    order_id,
    doctor_followup_status,
    followup_1w_status,
    followup_1m_status,
    followup_6m_status,
    package_end_date,
    package_end_status,
    results_handoff_status,
    followup_summary,
    created_at
) VALUES
    ('f0000000-0000-0000-0000-000000000007', 'completed', 'completed', 'pending', 'not_required', CURRENT_DATE + 20, 'pending', 'completed', 'Second-opinion results delivered; monitoring only remaining billing closeout.', now() - interval '10 days'),
    ('f0000000-0000-0000-0000-000000000008', 'scheduled', 'pending', 'scheduled', 'pending', CURRENT_DATE + 120, 'scheduled', 'pending', 'Recurring cardiology check-ins planned over six months.', now() - interval '8 days')
ON CONFLICT (order_id) DO UPDATE
SET
    doctor_followup_status = EXCLUDED.doctor_followup_status,
    followup_1w_status = EXCLUDED.followup_1w_status,
    followup_1m_status = EXCLUDED.followup_1m_status,
    followup_6m_status = EXCLUDED.followup_6m_status,
    package_end_date = EXCLUDED.package_end_date,
    package_end_status = EXCLUDED.package_end_status,
    results_handoff_status = EXCLUDED.results_handoff_status,
    followup_summary = EXCLUDED.followup_summary,
    created_at = EXCLUDED.created_at;

INSERT INTO cases (
    id,
    case_id,
    patient_id,
    manager_id,
    status,
    hauptanfragegrund,
    aktuelle_anamnese,
    zuweiser,
    notes,
    created_at,
    zuweiser_doctor_id
) VALUES
    ('e0000000-0000-0000-0000-000000000001', 'C-0001', 'b0000000-0000-0000-0000-000000000001', 'a0000000-0000-0000-0000-000000000003', 'in_progress', 'Executive internal medicine review', 'Fatigue, irregular thyroid values and intermittent headaches over four months.', 'Dr N. Adebayo', 'Dr Keller asked for full outside lab packet before final endocrine recommendation.', now() - interval '63 days', 'c1000000-0000-0000-0000-000000000001'),
    ('e0000000-0000-0000-0000-000000000002', 'C-0002', 'b0000000-0000-0000-0000-000000000002', 'a0000000-0000-0000-0000-000000000003', 'in_progress', 'Hematology and iron deficiency workup', 'Recurrent fatigue with ferritin drop despite oral iron.', 'Dr Silva', 'Used as operational case for insurer-backed diagnostics.', now() - interval '42 days', NULL),
    ('e0000000-0000-0000-0000-000000000003', 'C-0003', 'b0000000-0000-0000-0000-000000000003', 'a0000000-0000-0000-0000-000000000003', 'open', 'Knee injury and orthopedic MRI review', 'Persistent right knee pain after football injury with instability on stairs.', 'Dr Mensah', 'Awaiting outside MRI upload before final surgeon shortlist.', now() - interval '36 days', 'c1000000-0000-0000-0000-000000000004'),
    ('e0000000-0000-0000-0000-000000000004', 'C-0004', 'b0000000-0000-0000-0000-000000000004', 'a0000000-0000-0000-0000-000000000003', 'in_progress', 'Cardiology consult after exertional pain', 'Chest pressure and dyspnea during high-intensity cycling sessions.', 'Dr Larsen', 'Stress echo is already penciled in for next visit.', now() - interval '34 days', 'c1000000-0000-0000-0000-000000000007'),
    ('e0000000-0000-0000-0000-000000000005', 'C-0005', 'b0000000-0000-0000-0000-000000000007', 'a0000000-0000-0000-0000-000000000003', 'in_progress', 'Lumbar spine pain and MRI review', 'Progressive lower-back pain with radicular symptoms and limited walking tolerance.', 'Dr Hrytsenko', 'Core demo spine case covering execution, concierge, interpreter and pain tracking.', now() - interval '58 days', 'c1000000-0000-0000-0000-000000000004'),
    ('e0000000-0000-0000-0000-000000000006', 'C-0006', 'b0000000-0000-0000-0000-000000000008', 'a0000000-0000-0000-0000-000000000003', 'in_progress', 'Oncology second opinion', 'Breast cancer pathology reviewed after recommendation for systemic treatment abroad.', 'Dr Al Marzouqi', 'Awaiting final translated summary for archive and portal release.', now() - interval '54 days', 'c1000000-0000-0000-0000-000000000006'),
    ('e0000000-0000-0000-0000-000000000007', 'C-0007', 'b0000000-0000-0000-0000-000000000009', 'a0000000-0000-0000-0000-000000000003', 'closed', 'Post-stent follow-up', 'Stable after stent placement, requires recurrent medication and BP review.', 'Dr Popov', 'Serves as follow-up and recurring-appointment demo case.', now() - interval '44 days', 'c1000000-0000-0000-0000-000000000007'),
    ('e0000000-0000-0000-0000-000000000008', 'C-0008', 'b0000000-0000-0000-0000-000000000012', 'a0000000-0000-0000-0000-000000000003', 'in_progress', 'Executive screening bundle', 'Preventive screening requested by employer with GI and cardiology modules.', 'Corporate HR referral', 'Portal-visible summary and VIP workflow are tied to this case.', now() - interval '32 days', 'c1000000-0000-0000-0000-000000000001'),
    ('e0000000-0000-0000-0000-000000000009', 'C-0009', 'b0000000-0000-0000-0000-000000000006', 'a0000000-0000-0000-0000-000000000003', 'open', 'Gastroenterology second opinion', 'Upper abdominal pain, reflux and weight fluctuation over six months.', 'Dr Papadopoulos', 'Created to populate GI specialty assessment data.', now() - interval '22 days', NULL),
    ('e0000000-0000-0000-0000-000000000010', 'C-0010', 'b0000000-0000-0000-0000-000000000011', 'a0000000-0000-0000-0000-000000000003', 'open', 'Urology review', 'Recurrent flank pain and intermittent hematuria with incomplete local workup.', 'Dr Mahmoud', 'Created to cover urology assessment workflow.', now() - interval '19 days', 'c1000000-0000-0000-0000-000000000003'),
    ('e0000000-0000-0000-0000-000000000011', 'C-0011', 'b0000000-0000-0000-0000-000000000015', 'a0000000-0000-0000-0000-000000000003', 'open', 'Pulmonology second opinion', 'Chronic cough with smoking history and outside CT indicating emphysema changes.', 'Dr Khalid', 'Created to cover pulmonology assessment workflow.', now() - interval '17 days', NULL)
ON CONFLICT (id) DO UPDATE
SET
    case_id = EXCLUDED.case_id,
    patient_id = EXCLUDED.patient_id,
    manager_id = EXCLUDED.manager_id,
    status = EXCLUDED.status,
    hauptanfragegrund = EXCLUDED.hauptanfragegrund,
    aktuelle_anamnese = EXCLUDED.aktuelle_anamnese,
    zuweiser = EXCLUDED.zuweiser,
    notes = EXCLUDED.notes,
    created_at = EXCLUDED.created_at,
    zuweiser_doctor_id = EXCLUDED.zuweiser_doctor_id;

INSERT INTO case_cardiology_assessments (
    case_id,
    is_relevant,
    chest_pain,
    dyspnea,
    palpitations,
    syncope,
    edema,
    known_diagnosis,
    prior_cardiac_workup,
    cardiovascular_risk_factors,
    anticoagulation,
    family_history,
    red_flags,
    notes,
    created_at
) VALUES
    ('e0000000-0000-0000-0000-000000000004', true, true, true, false, false, false, 'Possible exertional angina', 'Outside ECG and treadmill test from Copenhagen', 'Family CAD, elevated LDL', 'None', 'Father had MI at 52', 'Escalate if symptoms appear at rest', 'Stress echo and medication review recommended.', now() - interval '13 days'),
    ('e0000000-0000-0000-0000-000000000007', true, false, true, false, false, false, 'Coronary artery disease after PCI', 'Cath report and discharge meds available', 'Hypertension, diabetes, former smoker', 'Clopidogrel + ASA', 'No early sudden death', 'Monitor bleeding and BP drift', 'Stable follow-up track with recurring visits.', now() - interval '8 days')
ON CONFLICT (case_id) DO UPDATE
SET
    is_relevant = EXCLUDED.is_relevant,
    chest_pain = EXCLUDED.chest_pain,
    dyspnea = EXCLUDED.dyspnea,
    palpitations = EXCLUDED.palpitations,
    syncope = EXCLUDED.syncope,
    edema = EXCLUDED.edema,
    known_diagnosis = EXCLUDED.known_diagnosis,
    prior_cardiac_workup = EXCLUDED.prior_cardiac_workup,
    cardiovascular_risk_factors = EXCLUDED.cardiovascular_risk_factors,
    anticoagulation = EXCLUDED.anticoagulation,
    family_history = EXCLUDED.family_history,
    red_flags = EXCLUDED.red_flags,
    notes = EXCLUDED.notes,
    created_at = EXCLUDED.created_at;

INSERT INTO case_orthopedics_assessments (
    case_id,
    is_relevant,
    joint_pain,
    back_pain,
    mobility_limitation,
    trauma_history,
    prior_imaging,
    assistive_devices,
    physiotherapy_history,
    pain_triggers,
    red_flags,
    notes,
    created_at
) VALUES
    ('e0000000-0000-0000-0000-000000000003', true, true, false, true, true, 'X-ray completed locally, MRI pending upload', 'Elastic knee brace', 'Six weeks outpatient PT with partial relief', 'Stairs and pivoting motions', 'No fever or acute locking', 'Orthopedic shortlist deferred until MRI is uploaded.', now() - interval '12 days'),
    ('e0000000-0000-0000-0000-000000000005', true, false, true, true, false, 'MRI from Kyiv dated last month', 'Walking stick for longer distances', 'Two rounds of PT and epidural injection', 'Sitting, prolonged standing and car rides', 'Monitor foot numbness progression', 'Execution-phase spine case with rehab planning.', now() - interval '6 days')
ON CONFLICT (case_id) DO UPDATE
SET
    is_relevant = EXCLUDED.is_relevant,
    joint_pain = EXCLUDED.joint_pain,
    back_pain = EXCLUDED.back_pain,
    mobility_limitation = EXCLUDED.mobility_limitation,
    trauma_history = EXCLUDED.trauma_history,
    prior_imaging = EXCLUDED.prior_imaging,
    assistive_devices = EXCLUDED.assistive_devices,
    physiotherapy_history = EXCLUDED.physiotherapy_history,
    pain_triggers = EXCLUDED.pain_triggers,
    red_flags = EXCLUDED.red_flags,
    notes = EXCLUDED.notes,
    created_at = EXCLUDED.created_at;

INSERT INTO case_neurology_assessments (
    case_id,
    is_relevant,
    headache,
    dizziness,
    sensory_changes,
    weakness,
    seizure_history,
    gait_balance_issues,
    prior_neuro_imaging,
    prior_neurology_workup,
    cognitive_changes,
    red_flags,
    notes,
    created_at
) VALUES
    ('e0000000-0000-0000-0000-000000000001', true, true, false, false, false, false, false, 'No prior neuro imaging', 'Primary care only', 'Fatigue more than cognitive change', 'Escalate if headache pattern changes suddenly', 'Kept to show overlap between internal medicine and neuro symptom capture.', now() - interval '20 days')
ON CONFLICT (case_id) DO UPDATE
SET
    is_relevant = EXCLUDED.is_relevant,
    headache = EXCLUDED.headache,
    dizziness = EXCLUDED.dizziness,
    sensory_changes = EXCLUDED.sensory_changes,
    weakness = EXCLUDED.weakness,
    seizure_history = EXCLUDED.seizure_history,
    gait_balance_issues = EXCLUDED.gait_balance_issues,
    prior_neuro_imaging = EXCLUDED.prior_neuro_imaging,
    prior_neurology_workup = EXCLUDED.prior_neurology_workup,
    cognitive_changes = EXCLUDED.cognitive_changes,
    red_flags = EXCLUDED.red_flags,
    notes = EXCLUDED.notes,
    created_at = EXCLUDED.created_at;

INSERT INTO case_gastroenterology_assessments (
    case_id,
    is_relevant,
    abdominal_pain,
    reflux,
    nausea,
    diarrhea,
    constipation,
    gi_bleeding,
    prior_endoscopy,
    bowel_habits,
    liver_history,
    food_intolerance,
    red_flags,
    notes,
    created_at
) VALUES
    ('e0000000-0000-0000-0000-000000000009', true, true, true, true, false, false, false, 'Gastroscopy eight months ago', 'Alternating normal stool and post-prandial urgency', 'No known liver disease', 'Possible dairy intolerance', 'Escalate if weight loss continues', 'GI assessment added for specialty coverage.', now() - interval '14 days')
ON CONFLICT (case_id) DO UPDATE
SET
    is_relevant = EXCLUDED.is_relevant,
    abdominal_pain = EXCLUDED.abdominal_pain,
    reflux = EXCLUDED.reflux,
    nausea = EXCLUDED.nausea,
    diarrhea = EXCLUDED.diarrhea,
    constipation = EXCLUDED.constipation,
    gi_bleeding = EXCLUDED.gi_bleeding,
    prior_endoscopy = EXCLUDED.prior_endoscopy,
    bowel_habits = EXCLUDED.bowel_habits,
    liver_history = EXCLUDED.liver_history,
    food_intolerance = EXCLUDED.food_intolerance,
    red_flags = EXCLUDED.red_flags,
    notes = EXCLUDED.notes,
    created_at = EXCLUDED.created_at;

INSERT INTO case_urology_assessments (
    case_id,
    is_relevant,
    dysuria,
    hematuria,
    flank_pain,
    urinary_frequency,
    urinary_retention,
    incontinence,
    prior_urology_workup,
    catheter_history,
    stone_history,
    red_flags,
    notes,
    created_at
) VALUES
    ('e0000000-0000-0000-0000-000000000010', true, false, true, true, true, false, false, 'Ultrasound only, no cystoscopy yet', 'None', 'Possible stone event in 2024', 'Escalate if fever or obstructive symptoms appear', 'Urology assessment supports appointment-request and lead conversion demos.', now() - interval '11 days')
ON CONFLICT (case_id) DO UPDATE
SET
    is_relevant = EXCLUDED.is_relevant,
    dysuria = EXCLUDED.dysuria,
    hematuria = EXCLUDED.hematuria,
    flank_pain = EXCLUDED.flank_pain,
    urinary_frequency = EXCLUDED.urinary_frequency,
    urinary_retention = EXCLUDED.urinary_retention,
    incontinence = EXCLUDED.incontinence,
    prior_urology_workup = EXCLUDED.prior_urology_workup,
    catheter_history = EXCLUDED.catheter_history,
    stone_history = EXCLUDED.stone_history,
    red_flags = EXCLUDED.red_flags,
    notes = EXCLUDED.notes,
    created_at = EXCLUDED.created_at;

INSERT INTO case_pulmonology_assessments (
    case_id,
    is_relevant,
    chronic_cough,
    dyspnea,
    wheezing,
    chest_tightness,
    hemoptysis,
    smoking_history,
    prior_chest_imaging,
    inhaler_therapy,
    sleep_apnea_history,
    red_flags,
    notes,
    created_at
) VALUES
    ('e0000000-0000-0000-0000-000000000011', true, true, true, false, false, false, '25 pack-years, quit in 2023', 'Outside chest CT from Lahore', 'Short-acting bronchodilator only', 'No formal study', 'Escalate if resting saturation drops or hemoptysis appears', 'Pulmonology assessment supports chronic smoker follow-up demo.', now() - interval '9 days')
ON CONFLICT (case_id) DO UPDATE
SET
    is_relevant = EXCLUDED.is_relevant,
    chronic_cough = EXCLUDED.chronic_cough,
    dyspnea = EXCLUDED.dyspnea,
    wheezing = EXCLUDED.wheezing,
    chest_tightness = EXCLUDED.chest_tightness,
    hemoptysis = EXCLUDED.hemoptysis,
    smoking_history = EXCLUDED.smoking_history,
    prior_chest_imaging = EXCLUDED.prior_chest_imaging,
    inhaler_therapy = EXCLUDED.inhaler_therapy,
    sleep_apnea_history = EXCLUDED.sleep_apnea_history,
    red_flags = EXCLUDED.red_flags,
    notes = EXCLUDED.notes,
    created_at = EXCLUDED.created_at;

INSERT INTO vorerkrankungen (id, case_id, erkrankung, erstdiagnose, notiz, sort_order, created_at) VALUES
    ('e1010000-0000-0000-0000-000000000001', 'e0000000-0000-0000-0000-000000000004', 'Hyperlipidemia', '2023', 'Managed with statin started locally.', 1, now() - interval '12 days'),
    ('e1010000-0000-0000-0000-000000000002', 'e0000000-0000-0000-0000-000000000005', 'Lumbar disc protrusion L4/L5', '2025', 'Outside MRI confirms left-sided root compression.', 1, now() - interval '6 days'),
    ('e1010000-0000-0000-0000-000000000003', 'e0000000-0000-0000-0000-000000000007', 'Coronary artery disease after PCI', '2025', 'Single-vessel stent placed with good post-op recovery.', 1, now() - interval '8 days'),
    ('e1010000-0000-0000-0000-000000000004', 'e0000000-0000-0000-0000-000000000007', 'Type 2 diabetes', '2019', 'Oral therapy only so far.', 2, now() - interval '8 days'),
    ('e1010000-0000-0000-0000-000000000005', 'e0000000-0000-0000-0000-000000000011', 'Chronic bronchitis', '2022', 'Symptoms worsen in winter.', 1, now() - interval '9 days')
ON CONFLICT (id) DO UPDATE
SET
    case_id = EXCLUDED.case_id,
    erkrankung = EXCLUDED.erkrankung,
    erstdiagnose = EXCLUDED.erstdiagnose,
    notiz = EXCLUDED.notiz,
    sort_order = EXCLUDED.sort_order,
    created_at = EXCLUDED.created_at;

INSERT INTO allergien (id, case_id, allergie, reaktion, sort_order, created_at) VALUES
    ('e1020000-0000-0000-0000-000000000001', 'e0000000-0000-0000-0000-000000000001', 'Iodinated contrast', 'Diffuse rash after prior CT', 1, now() - interval '20 days'),
    ('e1020000-0000-0000-0000-000000000002', 'e0000000-0000-0000-0000-000000000002', 'Pollen', 'Seasonal rhinitis', 1, now() - interval '19 days'),
    ('e1020000-0000-0000-0000-000000000003', 'e0000000-0000-0000-0000-000000000006', 'Latex', 'Contact dermatitis', 1, now() - interval '14 days'),
    ('e1020000-0000-0000-0000-000000000004', 'e0000000-0000-0000-0000-000000000010', 'NSAIDs', 'Upper abdominal irritation', 1, now() - interval '11 days')
ON CONFLICT (id) DO UPDATE
SET
    case_id = EXCLUDED.case_id,
    allergie = EXCLUDED.allergie,
    reaktion = EXCLUDED.reaktion,
    sort_order = EXCLUDED.sort_order,
    created_at = EXCLUDED.created_at;

INSERT INTO operationen (id, case_id, datum, grund, arzt, doctor_id, notiz, sort_order, created_at) VALUES
    ('e1030000-0000-0000-0000-000000000001', 'e0000000-0000-0000-0000-000000000007', CURRENT_DATE - 280, 'Percutaneous coronary intervention', 'Dr Petrov', 'c1000000-0000-0000-0000-000000000007', 'Outside stent placement after NSTEMI.', 1, now() - interval '40 days'),
    ('e1030000-0000-0000-0000-000000000002', 'e0000000-0000-0000-0000-000000000003', CURRENT_DATE - 420, 'Arthroscopic meniscus repair', 'Dr Mensah', 'c1000000-0000-0000-0000-000000000004', 'Prior surgery with residual instability.', 1, now() - interval '30 days')
ON CONFLICT (id) DO UPDATE
SET
    case_id = EXCLUDED.case_id,
    datum = EXCLUDED.datum,
    grund = EXCLUDED.grund,
    arzt = EXCLUDED.arzt,
    doctor_id = EXCLUDED.doctor_id,
    notiz = EXCLUDED.notiz,
    sort_order = EXCLUDED.sort_order,
    created_at = EXCLUDED.created_at;

INSERT INTO medikamente (
    id,
    case_id,
    handelsname,
    wirkstoff,
    dosis,
    dosis_einheit,
    einnahmeschema,
    darreichungsform,
    anmerkung,
    grund,
    seit,
    verordnender_arzt,
    verordnender_arzt_id,
    med_typ,
    expiry_date,
    sort_order,
    created_at
) VALUES
    ('e1040000-0000-0000-0000-000000000001', 'e0000000-0000-0000-0000-000000000002', 'Ferrous sulfate', 'Iron sulfate', '100', 'mg', '1x morgens', 'tablette', NULL, 'Iron deficiency', '2026-01', NULL, NULL, 'permanent', CURRENT_DATE + 120, 1, now() - interval '19 days'),
    ('e1040000-0000-0000-0000-000000000002', 'e0000000-0000-0000-0000-000000000004', 'Rosuvastatin', 'Rosuvastatin', '20', 'mg', '1x abends', 'tablette', NULL, 'Lipid control', '2025-12', 'Dr Larsen', 'c1000000-0000-0000-0000-000000000007', 'permanent', CURRENT_DATE + 200, 1, now() - interval '12 days'),
    ('e1040000-0000-0000-0000-000000000003', 'e0000000-0000-0000-0000-000000000005', 'Pregabalin', 'Pregabalin', '75', 'mg', '2x taeglich', 'tablette', NULL, 'Neuropathic pain', '2026-02', 'Dr Hrytsenko', 'c1000000-0000-0000-0000-000000000004', 'temporary', CURRENT_DATE + 20, 1, now() - interval '6 days'),
    ('e1040000-0000-0000-0000-000000000004', 'e0000000-0000-0000-0000-000000000005', 'Diclofenac gel', 'Diclofenac', '1', 'tube', 'bei Bedarf', 'sonstige', NULL, 'Local pain relief', '2026-03', NULL, NULL, 'temporary', CURRENT_DATE + 45, 2, now() - interval '6 days'),
    ('e1040000-0000-0000-0000-000000000005', 'e0000000-0000-0000-0000-000000000007', 'Clopidogrel', 'Clopidogrel', '75', 'mg', '1x taeglich', 'tablette', NULL, 'Post-PCI therapy', '2025-09', 'Dr Popov', 'c1000000-0000-0000-0000-000000000007', 'permanent', CURRENT_DATE + 60, 1, now() - interval '8 days'),
    ('e1040000-0000-0000-0000-000000000006', 'e0000000-0000-0000-0000-000000000007', 'Metformin', 'Metformin', '500', 'mg', '2x taeglich', 'tablette', NULL, 'Diabetes control', '2024-01', NULL, NULL, 'permanent', CURRENT_DATE + 180, 2, now() - interval '8 days'),
    ('e1040000-0000-0000-0000-000000000007', 'e0000000-0000-0000-0000-000000000011', 'Salbutamol inhaler', 'Salbutamol', '100', 'mcg', 'bei Bedarf', 'spray', NULL, 'Dyspnea episodes', '2025-11', NULL, NULL, 'temporary', CURRENT_DATE + 90, 1, now() - interval '9 days')
ON CONFLICT (id) DO UPDATE
SET
    case_id = EXCLUDED.case_id,
    handelsname = EXCLUDED.handelsname,
    wirkstoff = EXCLUDED.wirkstoff,
    dosis = EXCLUDED.dosis,
    dosis_einheit = EXCLUDED.dosis_einheit,
    einnahmeschema = EXCLUDED.einnahmeschema,
    darreichungsform = EXCLUDED.darreichungsform,
    anmerkung = EXCLUDED.anmerkung,
    grund = EXCLUDED.grund,
    seit = EXCLUDED.seit,
    verordnender_arzt = EXCLUDED.verordnender_arzt,
    verordnender_arzt_id = EXCLUDED.verordnender_arzt_id,
    med_typ = EXCLUDED.med_typ,
    expiry_date = EXCLUDED.expiry_date,
    sort_order = EXCLUDED.sort_order,
    created_at = EXCLUDED.created_at;

INSERT INTO pain_records (
    id,
    case_id,
    lokalisierung,
    seit_wann,
    ursache,
    qualitaet,
    kontinuitaet,
    entwicklung,
    nrs_aktuell,
    nrs_anfang,
    dauer_anfang,
    dauer_aktuell,
    ausstrahlung,
    auftreten,
    sort_order,
    created_at
) VALUES
    ('e1050000-0000-0000-0000-000000000001', 'e0000000-0000-0000-0000-000000000003', 'Right knee', '8 months', 'Sports trauma', 'Sharp on rotation', 'Intermittent', 'Stable', 6, 8, 'After injury', 'Daily on stairs', 'No', 'With stairs and twisting', 1, now() - interval '12 days'),
    ('e1050000-0000-0000-0000-000000000002', 'e0000000-0000-0000-0000-000000000005', 'Lower back and left leg', '2 years', 'Disc protrusion', 'Burning with numbness', 'Chronic with flares', 'Worsening', 7, 5, 'After prolonged sitting', 'Most days', 'Left posterior leg', 'Sitting, standing, travel', 1, now() - interval '6 days')
ON CONFLICT (id) DO UPDATE
SET
    case_id = EXCLUDED.case_id,
    lokalisierung = EXCLUDED.lokalisierung,
    seit_wann = EXCLUDED.seit_wann,
    ursache = EXCLUDED.ursache,
    qualitaet = EXCLUDED.qualitaet,
    kontinuitaet = EXCLUDED.kontinuitaet,
    entwicklung = EXCLUDED.entwicklung,
    nrs_aktuell = EXCLUDED.nrs_aktuell,
    nrs_anfang = EXCLUDED.nrs_anfang,
    dauer_anfang = EXCLUDED.dauer_anfang,
    dauer_aktuell = EXCLUDED.dauer_aktuell,
    ausstrahlung = EXCLUDED.ausstrahlung,
    auftreten = EXCLUDED.auftreten,
    sort_order = EXCLUDED.sort_order,
    created_at = EXCLUDED.created_at;

INSERT INTO symptome (id, case_id, beschreibung, fachrichtung, sort_order, created_at) VALUES
    ('e1060000-0000-0000-0000-000000000001', 'e0000000-0000-0000-0000-000000000001', 'Morning fatigue despite adequate sleep', 'internal_medicine', 1, now() - interval '20 days'),
    ('e1060000-0000-0000-0000-000000000002', 'e0000000-0000-0000-0000-000000000004', 'Chest pressure during cycling intervals', 'cardiology', 1, now() - interval '13 days'),
    ('e1060000-0000-0000-0000-000000000003', 'e0000000-0000-0000-0000-000000000005', 'Radiating left leg numbness', 'orthopedics', 1, now() - interval '6 days'),
    ('e1060000-0000-0000-0000-000000000004', 'e0000000-0000-0000-0000-000000000006', 'Needs pathology translation before board review', 'oncology', 1, now() - interval '14 days'),
    ('e1060000-0000-0000-0000-000000000005', 'e0000000-0000-0000-0000-000000000009', 'Post-prandial reflux and upper abdominal pain', 'gastroenterology', 1, now() - interval '14 days'),
    ('e1060000-0000-0000-0000-000000000006', 'e0000000-0000-0000-0000-000000000010', 'Intermittent visible blood in urine', 'urology', 1, now() - interval '11 days'),
    ('e1060000-0000-0000-0000-000000000007', 'e0000000-0000-0000-0000-000000000011', 'Chronic morning cough', 'pulmonology', 1, now() - interval '9 days')
ON CONFLICT (id) DO UPDATE
SET
    case_id = EXCLUDED.case_id,
    beschreibung = EXCLUDED.beschreibung,
    fachrichtung = EXCLUDED.fachrichtung,
    sort_order = EXCLUDED.sort_order,
    created_at = EXCLUDED.created_at;

INSERT INTO vegetative_anamnese (
    id,
    case_id,
    appetit_durst,
    koerpergroesse,
    gewicht,
    gewichtsveraenderung,
    grund,
    created_at
) VALUES
    ('e1070000-0000-0000-0000-000000000001', 'e0000000-0000-0000-0000-000000000001', 'Reduced appetite during fatigue episodes', 168, 59, 'Lost 3 kg in four months', 'Needs endocrine and nutritional review', now() - interval '19 days'),
    ('e1070000-0000-0000-0000-000000000002', 'e0000000-0000-0000-0000-000000000005', 'Normal appetite, reduced activity', 182, 94, 'Weight gain due to inactivity', 'Back pain limits exercise', now() - interval '6 days'),
    ('e1070000-0000-0000-0000-000000000003', 'e0000000-0000-0000-0000-000000000011', 'Normal thirst, lower appetite on bad cough days', 176, 81, 'Stable', 'Pulmonology tracking only', now() - interval '9 days')
ON CONFLICT (case_id) DO UPDATE
SET
    appetit_durst = EXCLUDED.appetit_durst,
    koerpergroesse = EXCLUDED.koerpergroesse,
    gewicht = EXCLUDED.gewicht,
    gewichtsveraenderung = EXCLUDED.gewichtsveraenderung,
    grund = EXCLUDED.grund,
    created_at = EXCLUDED.created_at;

INSERT INTO impfstatus (
    id,
    case_id,
    status_text,
    created_at
) VALUES
    ('e1080000-0000-0000-0000-000000000001', 'e0000000-0000-0000-0000-000000000008', 'Routine vaccinations current, influenza booster due next season.', now() - interval '7 days'),
    ('e1080000-0000-0000-0000-000000000002', 'e0000000-0000-0000-0000-000000000011', 'Influenza and pneumococcal boosters recommended before winter travel.', now() - interval '9 days')
ON CONFLICT (case_id) DO UPDATE
SET
    status_text = EXCLUDED.status_text,
    created_at = EXCLUDED.created_at;

INSERT INTO case_text_snippets (
    id,
    label,
    category,
    body,
    is_active,
    created_by,
    updated_by,
    created_at,
    updated_at
) VALUES
    ('14700000-0000-0000-0000-000000000001', 'Need outside imaging', 'documents', 'Outside imaging is still missing. Please request DICOM export plus written report before booking the specialist slot.', true, 'a0000000-0000-0000-0000-000000000003', 'a0000000-0000-0000-0000-000000000003', now() - interval '20 days', now() - interval '5 days'),
    ('14700000-0000-0000-0000-000000000002', 'Second opinion cover', 'oncology', 'This recommendation is based on provided pathology, imaging and timeline documents and does not replace a local treating physician.', true, 'a0000000-0000-0000-0000-000000000003', 'a0000000-0000-0000-0000-000000000003', now() - interval '18 days', now() - interval '5 days'),
    ('14700000-0000-0000-0000-000000000003', 'Follow-up reminder', 'followup', 'Please confirm whether medication changes have already been started and upload new blood-pressure logs before the next appointment.', true, 'a0000000-0000-0000-0000-000000000003', 'a0000000-0000-0000-0000-000000000003', now() - interval '14 days', now() - interval '3 days')
ON CONFLICT (id) DO UPDATE
SET
    label = EXCLUDED.label,
    category = EXCLUDED.category,
    body = EXCLUDED.body,
    is_active = EXCLUDED.is_active,
    created_by = EXCLUDED.created_by,
    updated_by = EXCLUDED.updated_by,
    updated_at = EXCLUDED.updated_at;

INSERT INTO appointments (
    id,
    patient_id,
    provider_id,
    order_id,
    interpreter_id,
    doctor_id,
    owner_user_id,
    appointment_type,
    title,
    date,
    time_start,
    time_end,
    location,
    category,
    status,
    interpreter_response,
    checklist_phase,
    preparation_notes,
    followup_notes,
    notes,
    created_by,
    created_at,
    care_path_kind,
    recurrence_series_id,
    recurrence_frequency,
    recurrence_interval,
    recurrence_count,
    recurrence_until,
    recurrence_index,
    recurrence_parent_series_id,
    recurrence_split_from_appointment_id,
    recurrence_split_from_index
) VALUES
    ('11000000-0000-0000-0000-000000000001', 'b0000000-0000-0000-0000-000000000001', 'c0000000-0000-0000-0000-000000000001', 'f0000000-0000-0000-0000-000000000001', NULL, 'c1000000-0000-0000-0000-000000000001', 'a0000000-0000-0000-0000-000000000003', 'medical', 'Executive check-up', CURRENT_DATE - 2, '09:00', '10:00', 'Charite Berlin, Internal Medicine Center', 'consultation', 'completed', NULL, 'done', 'Patient arrived with translated labs and fasting completed.', 'Summary released to portal after physician sign-off.', 'Serves as completed executive package example.', 'a0000000-0000-0000-0000-000000000003', now() - interval '4 days', 'preventive', NULL, NULL, NULL, NULL, NULL, 0, NULL, NULL, NULL),
    ('11000000-0000-0000-0000-000000000002', 'b0000000-0000-0000-0000-000000000002', 'c0000000-0000-0000-0000-000000000001', 'f0000000-0000-0000-0000-000000000002', 'a0000000-0000-0000-0000-000000000006', 'c1000000-0000-0000-0000-000000000001', 'a0000000-0000-0000-0000-000000000003', 'medical', 'Hematology review', CURRENT_DATE - 1, '11:00', '11:45', 'Charite Berlin, Day Clinic', 'consultation', 'completed', 'accepted', 'done', 'Insurer documents printed for attending physician.', 'Waiting for second-step decision after insurer response.', 'Completed diagnostic block used in portal feedback demo.', 'a0000000-0000-0000-0000-000000000003', now() - interval '3 days', 'regular', NULL, NULL, NULL, NULL, NULL, 0, NULL, NULL, NULL),
    ('11000000-0000-0000-0000-000000000003', 'b0000000-0000-0000-0000-000000000003', 'c0000000-0000-0000-0000-000000000002', 'f0000000-0000-0000-0000-000000000003', 'a0000000-0000-0000-0000-000000000005', 'c1000000-0000-0000-0000-000000000005', 'a0000000-0000-0000-0000-000000000003', 'medical', 'Knee MRI intake visit', CURRENT_DATE + 1, '09:30', '10:15', 'Helios Berlin-Buch, Radiology', 'imaging', 'confirmed', 'accepted', 'preparation', 'Awaiting final outside image upload list.', NULL, 'Interpreter pre-briefing still open.', 'a0000000-0000-0000-0000-000000000003', now() - interval '1 day', 'regular', NULL, NULL, NULL, NULL, NULL, 0, NULL, NULL, NULL),
    ('11000000-0000-0000-0000-000000000004', 'b0000000-0000-0000-0000-000000000004', 'c0000000-0000-0000-0000-000000000004', 'f0000000-0000-0000-0000-000000000004', NULL, 'c1000000-0000-0000-0000-000000000007', 'a0000000-0000-0000-0000-000000000003', 'medical', 'Cardiology consultation', CURRENT_DATE + 1, '11:00', '11:50', 'Klinikum rechts der Isar, Cardiology', 'consultation', 'confirmed', NULL, 'preparation', 'Bring outside treadmill ECG and lipid profile.', NULL, 'Potential same-day stress echo depending on physician review.', 'a0000000-0000-0000-0000-000000000003', now() - interval '1 day', 'control', NULL, NULL, NULL, NULL, NULL, 0, NULL, NULL, NULL),
    ('11000000-0000-0000-0000-000000000005', 'b0000000-0000-0000-0000-000000000005', 'c0000000-0000-0000-0000-000000000005', 'f0000000-0000-0000-0000-000000000005', NULL, NULL, 'a0000000-0000-0000-0000-000000000007', 'non_medical', 'Travel briefing', CURRENT_DATE + 2, '15:00', '15:30', 'Remote concierge call', 'coordination', 'confirmed', NULL, 'preparation', 'Confirm flight and hotel before preventive visit.', NULL, 'Non-medical appointment used to demonstrate mixed calendars.', 'a0000000-0000-0000-0000-000000000007', now() - interval '2 days', 'regular', NULL, NULL, NULL, NULL, NULL, 0, NULL, NULL, NULL),
    ('11000000-0000-0000-0000-000000000006', 'b0000000-0000-0000-0000-000000000006', 'c0000000-0000-0000-0000-000000000001', NULL, NULL, 'c1000000-0000-0000-0000-000000000002', 'a0000000-0000-0000-0000-000000000003', 'medical', 'Dermatology consultation', CURRENT_DATE + 3, '10:00', '10:40', 'Charite Berlin, Dermatology', 'consultation', 'planned', NULL, 'preparation', 'Patient asked for female provider and English summary.', NULL, 'Standalone medical appointment without commercial order.', 'a0000000-0000-0000-0000-000000000003', now() - interval '2 days', 'regular', NULL, NULL, NULL, NULL, NULL, 0, NULL, NULL, NULL),
    ('11000000-0000-0000-0000-000000000007', 'b0000000-0000-0000-0000-000000000007', 'c0000000-0000-0000-0000-000000000002', 'f0000000-0000-0000-0000-000000000006', 'a0000000-0000-0000-0000-000000000005', 'c1000000-0000-0000-0000-000000000004', 'a0000000-0000-0000-0000-000000000003', 'medical', 'Spine MRI and orthopedic review', CURRENT_DATE + 1, '14:00', '15:00', 'Helios Berlin-Buch, Orthopedics', 'consultation', 'confirmed', 'accepted', 'preparation', 'Wheelchair support and image disk pickup already coordinated.', NULL, 'Main active execution appointment for spine patient.', 'a0000000-0000-0000-0000-000000000003', now() - interval '1 day', 'regular', NULL, NULL, NULL, NULL, NULL, 0, NULL, NULL, NULL),
    ('11000000-0000-0000-0000-000000000008', 'b0000000-0000-0000-0000-000000000008', 'c0000000-0000-0000-0000-000000000003', 'f0000000-0000-0000-0000-000000000007', 'a0000000-0000-0000-0000-000000000006', 'c1000000-0000-0000-0000-000000000006', 'a0000000-0000-0000-0000-000000000003', 'medical', 'Oncology second-opinion board', CURRENT_DATE - 4, '13:00', '14:00', 'Heidelberg International Office', 'consultation', 'completed', 'accepted', 'done', 'Pathology translation delivered one day before board.', 'Translated recommendation pending final release.', 'Used for feedback, document versioning and closure billing examples.', 'a0000000-0000-0000-0000-000000000003', now() - interval '6 days', 'regular', NULL, NULL, NULL, NULL, NULL, 0, NULL, NULL, NULL),
    ('11000000-0000-0000-0000-000000000009', 'b0000000-0000-0000-0000-000000000009', 'c0000000-0000-0000-0000-000000000004', 'f0000000-0000-0000-0000-000000000008', 'a0000000-0000-0000-0000-000000000005', 'c1000000-0000-0000-0000-000000000007', 'a0000000-0000-0000-0000-000000000003', 'medical', 'Cardiology follow-up', CURRENT_DATE + 4, '09:00', '09:45', 'Klinikum rechts der Isar, Cardiology', 'followup', 'confirmed', 'accepted', 'preparation', 'Bring blood-pressure log and current medication boxes.', NULL, 'First recurring follow-up anchor visit.', 'a0000000-0000-0000-0000-000000000003', now() - interval '1 day', 'followup', NULL, NULL, NULL, NULL, NULL, 0, NULL, NULL, NULL),
    ('11000000-0000-0000-0000-000000000010', 'b0000000-0000-0000-0000-000000000012', 'c0000000-0000-0000-0000-000000000001', 'f0000000-0000-0000-0000-000000000009', NULL, 'c1000000-0000-0000-0000-000000000001', 'a0000000-0000-0000-0000-000000000003', 'medical', 'Executive screening day', CURRENT_DATE + 5, '08:30', '11:00', 'Charite Berlin, Day Center', 'screening', 'planned', NULL, 'preparation', 'VIP badge and private waiting room requested.', NULL, 'Corporate package execution day.', 'a0000000-0000-0000-0000-000000000003', now() - interval '1 day', 'preventive', NULL, NULL, NULL, NULL, NULL, 0, NULL, NULL, NULL),
    ('11000000-0000-0000-0000-000000000011', 'b0000000-0000-0000-0000-000000000001', 'c0000000-0000-0000-0000-000000000005', 'f0000000-0000-0000-0000-000000000001', NULL, NULL, 'a0000000-0000-0000-0000-000000000007', 'non_medical', 'Hotel to clinic transfer', CURRENT_DATE - 2, '07:30', '08:00', 'Hotel Adlon -> Charite', 'transfer', 'completed', NULL, 'done', 'Driver confirmed one evening before pickup.', NULL, 'Completed concierge-linked transfer.', 'a0000000-0000-0000-0000-000000000007', now() - interval '4 days', 'regular', NULL, NULL, NULL, NULL, NULL, 0, NULL, NULL, NULL),
    ('11000000-0000-0000-0000-000000000012', 'b0000000-0000-0000-0000-000000000002', 'c0000000-0000-0000-0000-000000000005', 'f0000000-0000-0000-0000-000000000002', NULL, NULL, 'a0000000-0000-0000-0000-000000000007', 'non_medical', 'Airport pickup', CURRENT_DATE - 2, '18:00', '19:00', 'BER -> Hotel', 'transfer', 'completed', NULL, 'done', 'Concierge confirmed with driver and patient portal chat.', NULL, 'Completed airport arrival step.', 'a0000000-0000-0000-0000-000000000007', now() - interval '4 days', 'regular', NULL, NULL, NULL, NULL, NULL, 0, NULL, NULL, NULL),
    ('11000000-0000-0000-0000-000000000013', 'b0000000-0000-0000-0000-000000000010', 'c0000000-0000-0000-0000-000000000001', NULL, NULL, 'c1000000-0000-0000-0000-000000000002', 'a0000000-0000-0000-0000-000000000003', 'medical', 'Dermatology follow-up consult', CURRENT_DATE + 6, '10:00', '10:40', 'Charite Berlin, Dermatology', 'consultation', 'planned', NULL, 'preparation', 'Collect prior biopsy note if available.', NULL, 'No interpreter required.', 'a0000000-0000-0000-0000-000000000003', now() - interval '1 day', 'control', NULL, NULL, NULL, NULL, NULL, 0, NULL, NULL, NULL),
    ('11000000-0000-0000-0000-000000000014', 'b0000000-0000-0000-0000-000000000014', 'c0000000-0000-0000-0000-000000000004', NULL, NULL, 'c1000000-0000-0000-0000-000000000007', 'a0000000-0000-0000-0000-000000000003', 'medical', 'ECG and preventive cardiology consult', CURRENT_DATE + 7, '12:30', '13:15', 'Klinikum rechts der Isar, Cardiology', 'consultation', 'planned', NULL, 'preparation', 'Patient requested portal reminders and email share of prep list.', NULL, 'Used for converted appointment-request demo.', 'a0000000-0000-0000-0000-000000000003', now() - interval '1 day', 'preventive', NULL, NULL, NULL, NULL, NULL, 0, NULL, NULL, NULL),
    ('11000000-0000-0000-0000-000000000015', 'b0000000-0000-0000-0000-000000000009', 'c0000000-0000-0000-0000-000000000004', 'f0000000-0000-0000-0000-000000000008', 'a0000000-0000-0000-0000-000000000005', 'c1000000-0000-0000-0000-000000000007', 'a0000000-0000-0000-0000-000000000003', 'medical', 'Cardiology follow-up series 1', CURRENT_DATE + 11, '09:00', '09:45', 'Klinikum rechts der Isar, Cardiology', 'followup', 'planned', 'accepted', 'preparation', 'Recurring visit 1 of 3.', NULL, 'Series anchor row.', 'a0000000-0000-0000-0000-000000000003', now() - interval '1 day', 'followup', '11000000-0000-0000-0000-000000000015', 'weekly', 1, 3, CURRENT_DATE + 25, 0, NULL, NULL, NULL),
    ('11000000-0000-0000-0000-000000000016', 'b0000000-0000-0000-0000-000000000009', 'c0000000-0000-0000-0000-000000000004', 'f0000000-0000-0000-0000-000000000008', 'a0000000-0000-0000-0000-000000000005', 'c1000000-0000-0000-0000-000000000007', 'a0000000-0000-0000-0000-000000000003', 'medical', 'Cardiology follow-up series 2', CURRENT_DATE + 18, '09:00', '09:45', 'Klinikum rechts der Isar, Cardiology', 'followup', 'planned', 'accepted', 'preparation', 'Recurring visit 2 of 3.', NULL, 'Part of weekly follow-up series.', 'a0000000-0000-0000-0000-000000000003', now() - interval '1 day', 'followup', '11000000-0000-0000-0000-000000000015', 'weekly', 1, 3, CURRENT_DATE + 25, 1, '11000000-0000-0000-0000-000000000015', NULL, NULL),
    ('11000000-0000-0000-0000-000000000017', 'b0000000-0000-0000-0000-000000000009', 'c0000000-0000-0000-0000-000000000004', 'f0000000-0000-0000-0000-000000000008', 'a0000000-0000-0000-0000-000000000005', 'c1000000-0000-0000-0000-000000000007', 'a0000000-0000-0000-0000-000000000003', 'medical', 'Cardiology follow-up series 3', CURRENT_DATE + 25, '09:00', '09:45', 'Klinikum rechts der Isar, Cardiology', 'followup', 'planned', 'accepted', 'preparation', 'Recurring visit 3 of 3.', NULL, 'Last scheduled follow-up in current package.', 'a0000000-0000-0000-0000-000000000003', now() - interval '1 day', 'followup', '11000000-0000-0000-0000-000000000015', 'weekly', 1, 3, CURRENT_DATE + 25, 2, '11000000-0000-0000-0000-000000000015', NULL, NULL)
ON CONFLICT (id) DO UPDATE
SET
    patient_id = EXCLUDED.patient_id,
    provider_id = EXCLUDED.provider_id,
    order_id = EXCLUDED.order_id,
    interpreter_id = EXCLUDED.interpreter_id,
    doctor_id = EXCLUDED.doctor_id,
    owner_user_id = EXCLUDED.owner_user_id,
    appointment_type = EXCLUDED.appointment_type,
    title = EXCLUDED.title,
    date = EXCLUDED.date,
    time_start = EXCLUDED.time_start,
    time_end = EXCLUDED.time_end,
    location = EXCLUDED.location,
    category = EXCLUDED.category,
    status = EXCLUDED.status,
    interpreter_response = EXCLUDED.interpreter_response,
    checklist_phase = EXCLUDED.checklist_phase,
    preparation_notes = EXCLUDED.preparation_notes,
    followup_notes = EXCLUDED.followup_notes,
    notes = EXCLUDED.notes,
    created_by = EXCLUDED.created_by,
    created_at = EXCLUDED.created_at,
    care_path_kind = EXCLUDED.care_path_kind,
    recurrence_series_id = EXCLUDED.recurrence_series_id,
    recurrence_frequency = EXCLUDED.recurrence_frequency,
    recurrence_interval = EXCLUDED.recurrence_interval,
    recurrence_count = EXCLUDED.recurrence_count,
    recurrence_until = EXCLUDED.recurrence_until,
    recurrence_index = EXCLUDED.recurrence_index,
    recurrence_parent_series_id = EXCLUDED.recurrence_parent_series_id,
    recurrence_split_from_appointment_id = EXCLUDED.recurrence_split_from_appointment_id,
    recurrence_split_from_index = EXCLUDED.recurrence_split_from_index;

INSERT INTO appointment_checklists (
    id,
    appointment_id,
    phase,
    item_text,
    is_completed,
    completed_by,
    completed_at,
    sort_order,
    created_at
) VALUES
    ('12700000-0000-0000-0000-000000000001', '11000000-0000-0000-0000-000000000003', 'preparation', 'Confirm MRI upload completeness', false, NULL, NULL, 1, now() - interval '1 day'),
    ('12700000-0000-0000-0000-000000000002', '11000000-0000-0000-0000-000000000007', 'preparation', 'Arrange wheelchair-friendly transfer', true, 'a0000000-0000-0000-0000-000000000007', now() - interval '6 hours', 1, now() - interval '1 day'),
    ('12700000-0000-0000-0000-000000000003', '11000000-0000-0000-0000-000000000007', 'preparation', 'Brief interpreter on spine terminology', false, NULL, NULL, 2, now() - interval '1 day'),
    ('12700000-0000-0000-0000-000000000004', '11000000-0000-0000-0000-000000000008', 'followup', 'Release translated oncology summary', false, NULL, NULL, 1, now() - interval '4 days')
ON CONFLICT (id) DO UPDATE
SET
    appointment_id = EXCLUDED.appointment_id,
    phase = EXCLUDED.phase,
    item_text = EXCLUDED.item_text,
    is_completed = EXCLUDED.is_completed,
    completed_by = EXCLUDED.completed_by,
    completed_at = EXCLUDED.completed_at,
    sort_order = EXCLUDED.sort_order,
    created_at = EXCLUDED.created_at;

INSERT INTO reminders (
    id,
    appointment_id,
    user_id,
    remind_at,
    title,
    description,
    is_completed,
    completed_at,
    created_at
) VALUES
    ('12800000-0000-0000-0000-000000000001', '11000000-0000-0000-0000-000000000003', 'a0000000-0000-0000-0000-000000000003', now() + interval '16 hours', 'MRI intake reminder', 'Check if outside imaging was uploaded before visit.', false, NULL, now() - interval '1 day'),
    ('12800000-0000-0000-0000-000000000002', '11000000-0000-0000-0000-000000000007', 'a0000000-0000-0000-0000-000000000007', now() + interval '18 hours', 'Transfer confirmation', 'Call driver and patient one evening before spine visit.', false, NULL, now() - interval '1 day'),
    ('12800000-0000-0000-0000-000000000003', '11000000-0000-0000-0000-000000000010', 'a0000000-0000-0000-0000-000000000003', now() + interval '4 days', 'VIP screening prep', 'Confirm private room, fasting note and badge.', false, NULL, now() - interval '1 day'),
    ('12800000-0000-0000-0000-000000000004', '11000000-0000-0000-0000-000000000014', 'a0000000-0000-0000-0000-000000000013', now() + interval '6 days', 'ECG prep reminder', 'Portal-facing reminder for preventive cardiology visit.', false, NULL, now() - interval '1 day')
ON CONFLICT (id) DO UPDATE
SET
    appointment_id = EXCLUDED.appointment_id,
    user_id = EXCLUDED.user_id,
    remind_at = EXCLUDED.remind_at,
    title = EXCLUDED.title,
    description = EXCLUDED.description,
    is_completed = EXCLUDED.is_completed,
    completed_at = EXCLUDED.completed_at,
    created_at = EXCLUDED.created_at;

INSERT INTO interpreter_reports (
    id,
    appointment_id,
    interpreter_id,
    hours,
    report_text,
    approval_status,
    approved_by,
    approved_at,
    notes,
    created_at
) VALUES
    ('12500000-0000-0000-0000-000000000001', '11000000-0000-0000-0000-000000000002', 'a0000000-0000-0000-0000-000000000006', 1.25, 'Portuguese interpretation covered registration, consult and discharge instructions.', 'approved', 'a0000000-0000-0000-0000-000000000004', now() - interval '12 hours', 'Billed against order after hematology visit.', now() - interval '1 day'),
    ('12500000-0000-0000-0000-000000000002', '11000000-0000-0000-0000-000000000008', 'a0000000-0000-0000-0000-000000000006', 1.50, 'Arabic interpretation provided during oncology board handoff.', 'approved', 'a0000000-0000-0000-0000-000000000004', now() - interval '3 days', 'Used for one approved interpreter line item.', now() - interval '4 days')
ON CONFLICT (id) DO UPDATE
SET
    appointment_id = EXCLUDED.appointment_id,
    interpreter_id = EXCLUDED.interpreter_id,
    hours = EXCLUDED.hours,
    report_text = EXCLUDED.report_text,
    approval_status = EXCLUDED.approval_status,
    approved_by = EXCLUDED.approved_by,
    approved_at = EXCLUDED.approved_at,
    notes = EXCLUDED.notes,
    created_at = EXCLUDED.created_at;

INSERT INTO appointment_communications (
    id,
    appointment_id,
    patient_id,
    provider_id,
    doctor_id,
    target_type,
    direction,
    channel,
    status,
    subject,
    message,
    contact_name,
    due_at,
    responded_at,
    closed_at,
    created_by,
    created_at
) VALUES
    ('12600000-0000-0000-0000-000000000001', '11000000-0000-0000-0000-000000000003', 'b0000000-0000-0000-0000-000000000003', 'c0000000-0000-0000-0000-000000000002', 'c1000000-0000-0000-0000-000000000005', 'clinic', 'outbound', 'email', 'sent', 'Request for MRI slot confirmation', 'Please confirm whether prior imaging on disk is sufficient for intake.', 'International Office Helios', now() - interval '6 hours', NULL, NULL, 'a0000000-0000-0000-0000-000000000003', now() - interval '1 day'),
    ('12600000-0000-0000-0000-000000000002', '11000000-0000-0000-0000-000000000007', 'b0000000-0000-0000-0000-000000000007', 'c0000000-0000-0000-0000-000000000002', 'c1000000-0000-0000-0000-000000000004', 'doctor', 'outbound', 'phone', 'answered', 'Interpreter terminology briefing', 'Confirmed physician prefers pre-read on prior MRI report.', 'Dr Baumann office', now() - interval '8 hours', now() - interval '2 hours', NULL, 'a0000000-0000-0000-0000-000000000004', now() - interval '1 day'),
    ('12600000-0000-0000-0000-000000000003', '11000000-0000-0000-0000-000000000008', 'b0000000-0000-0000-0000-000000000008', 'c0000000-0000-0000-0000-000000000003', 'c1000000-0000-0000-0000-000000000006', 'doctor', 'inbound', 'email', 'closed', 'Pathology translation accepted', 'Clinic accepted translated pathology summary for board review.', 'Prof. Neumann office', NULL, now() - interval '4 days', now() - interval '3 days', 'a0000000-0000-0000-0000-000000000003', now() - interval '4 days'),
    ('12600000-0000-0000-0000-000000000004', '11000000-0000-0000-0000-000000000010', 'b0000000-0000-0000-0000-000000000012', 'c0000000-0000-0000-0000-000000000001', 'c1000000-0000-0000-0000-000000000001', 'clinic', 'outbound', 'email', 'planned', 'VIP screening logistics', 'Please reserve private waiting space and nutrition consult slot.', 'Charite International Office', now() + interval '2 days', NULL, NULL, 'a0000000-0000-0000-0000-000000000003', now() - interval '1 day')
ON CONFLICT (id) DO UPDATE
SET
    appointment_id = EXCLUDED.appointment_id,
    patient_id = EXCLUDED.patient_id,
    provider_id = EXCLUDED.provider_id,
    doctor_id = EXCLUDED.doctor_id,
    target_type = EXCLUDED.target_type,
    direction = EXCLUDED.direction,
    channel = EXCLUDED.channel,
    status = EXCLUDED.status,
    subject = EXCLUDED.subject,
    message = EXCLUDED.message,
    contact_name = EXCLUDED.contact_name,
    due_at = EXCLUDED.due_at,
    responded_at = EXCLUDED.responded_at,
    closed_at = EXCLUDED.closed_at,
    created_by = EXCLUDED.created_by,
    created_at = EXCLUDED.created_at;

INSERT INTO documents (
    id,
    patient_id,
    order_id,
    appointment_id,
    auto_name,
    original_filename,
    art,
    category,
    status,
    visibility,
    is_medical,
    mime_type,
    file_size,
    storage_key,
    klinik,
    ursprung,
    notes,
    uploaded_by,
    created_at,
    version_root_document_id,
    replaces_document_id,
    version_number,
    extracted_text,
    text_extraction_status,
    text_extraction_method,
    text_extracted_at,
    text_extracted_by,
    file_deleted_at,
    file_deleted_by,
    file_delete_reason
) VALUES
    ('13000000-0000-0000-0000-000000000001', 'b0000000-0000-0000-0000-000000000002', NULL, NULL, 'Passport scan', 'juliana-passport.txt', 'passport_scan', 'identity', 'active', 'patient_visible', false, 'text/plain', 240, 'demo/portal-passport.txt', NULL, 'patient_portal', 'Patient-submitted identity file kept visible in portal.', 'a0000000-0000-0000-0000-000000000011', now() - interval '70 days', '13000000-0000-0000-0000-000000000001', NULL, 1, 'Passport scan placeholder for demo environment.', 'completed', 'seed_text', now() - interval '70 days', 'a0000000-0000-0000-0000-000000000003', NULL, NULL, NULL),
    ('13000000-0000-0000-0000-000000000002', 'b0000000-0000-0000-0000-000000000002', 'f0000000-0000-0000-0000-000000000002', NULL, 'Insurance guarantee letter', 'allianz-guarantee.txt', 'insurance_guarantee', 'insurance', 'active', 'internal', false, 'text/plain', 210, 'demo/insurance-guarantee.txt', NULL, 'internal_upload', 'Used by billing to confirm outpatient coverage scope.', 'a0000000-0000-0000-0000-000000000008', now() - interval '15 days', '13000000-0000-0000-0000-000000000002', NULL, 1, 'Coverage limited to diagnostics and first specialist review.', 'completed', 'seed_text', now() - interval '15 days', 'a0000000-0000-0000-0000-000000000008', NULL, NULL, NULL),
    ('13000000-0000-0000-0000-000000000003', 'b0000000-0000-0000-0000-000000000007', 'f0000000-0000-0000-0000-000000000006', '11000000-0000-0000-0000-000000000007', 'Lumbar MRI referral', 'lumbar-referral.txt', 'medical_referral', 'medical', 'active', 'released_external', true, 'text/plain', 260, 'demo/charite-executive-checkup.txt', 'Helios Berlin-Buch', 'provider', 'Shared externally with provider before MRI execution.', 'a0000000-0000-0000-0000-000000000003', now() - interval '7 days', '13000000-0000-0000-0000-000000000003', NULL, 1, 'Referral summary with neurological symptoms and requested MRI protocol.', 'completed', 'seed_text', now() - interval '7 days', 'a0000000-0000-0000-0000-000000000003', NULL, NULL, NULL),
    ('13000000-0000-0000-0000-000000000004', 'b0000000-0000-0000-0000-000000000007', 'f0000000-0000-0000-0000-000000000006', NULL, 'Arrival itinerary', 'arrival-itinerary.txt', 'travel_itinerary', 'administrative', 'active', 'patient_visible', false, 'text/plain', 220, 'demo/travel-itinerary.txt', NULL, 'generated', 'Portal-visible travel note generated by concierge.', 'a0000000-0000-0000-0000-000000000007', now() - interval '5 days', '13000000-0000-0000-0000-000000000004', NULL, 1, 'Airport pickup, hotel, clinic transfer and concierge contact details.', 'completed', 'seed_text', now() - interval '5 days', 'a0000000-0000-0000-0000-000000000007', NULL, NULL, NULL),
    ('13000000-0000-0000-0000-000000000005', 'b0000000-0000-0000-0000-000000000008', 'f0000000-0000-0000-0000-000000000007', '11000000-0000-0000-0000-000000000008', 'Pathology report v1', 'pathology-v1.txt', 'pathology_report', 'medical', 'active', 'internal', true, 'text/plain', 280, 'demo/oncology-second-opinion.txt', 'Universitaetsklinikum Heidelberg', 'provider', 'Initial pathology summary before final translated revision.', 'a0000000-0000-0000-0000-000000000003', now() - interval '16 days', '13000000-0000-0000-0000-000000000005', NULL, 1, 'Original pathology placeholders and board questions.', 'completed', 'seed_text', now() - interval '16 days', 'a0000000-0000-0000-0000-000000000003', NULL, NULL, NULL),
    ('13000000-0000-0000-0000-000000000006', 'b0000000-0000-0000-0000-000000000008', 'f0000000-0000-0000-0000-000000000007', '11000000-0000-0000-0000-000000000008', 'Pathology report v2', 'pathology-v2.txt', 'pathology_report', 'medical', 'active', 'patient_visible', true, 'text/plain', 315, 'demo/oncology-second-opinion.txt', 'Universitaetsklinikum Heidelberg', 'generated', 'Final translated pathology report released after board review.', 'a0000000-0000-0000-0000-000000000003', now() - interval '3 days', '13000000-0000-0000-0000-000000000005', '13000000-0000-0000-0000-000000000005', 2, 'Final translated oncology summary and board recommendations.', 'completed', 'seed_text', now() - interval '3 days', 'a0000000-0000-0000-0000-000000000003', NULL, NULL, NULL),
    ('13000000-0000-0000-0000-000000000007', 'b0000000-0000-0000-0000-000000000008', 'f0000000-0000-0000-0000-000000000007', NULL, 'Provider invoice scan', 'provider-invoice.txt', 'provider_invoice', 'finance', 'active', 'internal', false, 'text/plain', 205, 'demo/provider-invoice.txt', 'Universitaetsklinikum Heidelberg', 'provider', 'External provider invoice used for expense tracking.', 'a0000000-0000-0000-0000-000000000008', now() - interval '2 days', '13000000-0000-0000-0000-000000000007', NULL, 1, 'Invoice placeholder from provider finance office.', 'completed', 'seed_text', now() - interval '2 days', 'a0000000-0000-0000-0000-000000000008', NULL, NULL, NULL),
    ('13000000-0000-0000-0000-000000000008', 'b0000000-0000-0000-0000-000000000012', 'f0000000-0000-0000-0000-000000000009', '11000000-0000-0000-0000-000000000010', 'Executive screening summary', 'screening-summary.txt', 'screening_summary', 'medical', 'active', 'patient_visible', true, 'text/plain', 295, 'demo/charite-executive-checkup.txt', 'Charite Universitaetsmedizin Berlin', 'generated', 'Portal-visible summary for VIP screening package.', 'a0000000-0000-0000-0000-000000000003', now() - interval '1 day', '13000000-0000-0000-0000-000000000008', NULL, 1, 'Summary of completed and pending executive screening modules.', 'completed', 'seed_text', now() - interval '1 day', 'a0000000-0000-0000-0000-000000000003', NULL, NULL, NULL),
    ('13000000-0000-0000-0000-000000000009', 'b0000000-0000-0000-0000-000000000014', NULL, '11000000-0000-0000-0000-000000000014', 'ECG preparation instructions', 'ecg-prep.txt', 'provider_template_instruction', 'generated', 'active', 'patient_visible', true, 'text/plain', 190, 'demo/travel-itinerary.txt', 'Klinikum rechts der Isar (TUM)', 'generated', 'Generated from provider template for preventive cardiology visit.', 'a0000000-0000-0000-0000-000000000003', now() - interval '1 day', '13000000-0000-0000-0000-000000000009', NULL, 1, 'Avoid caffeine and bring current medication list.', 'completed', 'seed_text', now() - interval '1 day', 'a0000000-0000-0000-0000-000000000003', NULL, NULL, NULL),
    ('13000000-0000-0000-0000-000000000010', 'b0000000-0000-0000-0000-000000000009', 'f0000000-0000-0000-0000-000000000008', '11000000-0000-0000-0000-000000000009', 'Medication follow-up plan', 'medication-plan.txt', 'followup_plan', 'medical', 'active', 'internal', true, 'text/plain', 230, 'demo/insurance-guarantee.txt', 'Klinikum rechts der Isar (TUM)', 'generated', 'Internal medication plan before next recurring series visit.', 'a0000000-0000-0000-0000-000000000003', now() - interval '1 day', '13000000-0000-0000-0000-000000000010', NULL, 1, 'Blood-pressure targets, antiplatelet continuation and lab reminders.', 'completed', 'seed_text', now() - interval '1 day', 'a0000000-0000-0000-0000-000000000003', NULL, NULL, NULL),
    ('13000000-0000-0000-0000-000000000011', 'b0000000-0000-0000-0000-000000000007', 'f0000000-0000-0000-0000-000000000006', '11000000-0000-0000-0000-000000000007', 'Helios orthopedic checklist', 'helios-checklist.txt', 'provider_template_instruction', 'generated', 'active', 'patient_visible', true, 'text/plain', 210, 'demo/charite-executive-checkup.txt', 'Helios Klinikum Berlin-Buch', 'generated', 'Auto-sent checklist tied to confirmed spine visit.', 'a0000000-0000-0000-0000-000000000003', now() - interval '1 day', '13000000-0000-0000-0000-000000000011', NULL, 1, 'Upload MRI images, surgery notes and pain medication list before visit.', 'completed', 'seed_text', now() - interval '1 day', 'a0000000-0000-0000-0000-000000000003', NULL, NULL, NULL),
    ('13000000-0000-0000-0000-000000000012', 'b0000000-0000-0000-0000-000000000002', 'f0000000-0000-0000-0000-000000000002', NULL, 'Translated lab summary', 'lab-summary-pt.txt', 'translated_summary', 'medical', 'active', 'patient_visible', true, 'text/plain', 215, 'demo/insurance-guarantee.txt', 'Charite Universitaetsmedizin Berlin', 'generated', 'Portuguese translation of current hematology findings.', 'a0000000-0000-0000-0000-000000000003', now() - interval '12 hours', '13000000-0000-0000-0000-000000000012', NULL, 1, 'Portuguese translation of iron deficiency workup and next-step plan.', 'completed', 'seed_text', now() - interval '12 hours', 'a0000000-0000-0000-0000-000000000003', NULL, NULL, NULL)
ON CONFLICT (id) DO UPDATE
SET
    patient_id = EXCLUDED.patient_id,
    order_id = EXCLUDED.order_id,
    appointment_id = EXCLUDED.appointment_id,
    auto_name = EXCLUDED.auto_name,
    original_filename = EXCLUDED.original_filename,
    art = EXCLUDED.art,
    category = EXCLUDED.category,
    status = EXCLUDED.status,
    visibility = EXCLUDED.visibility,
    is_medical = EXCLUDED.is_medical,
    mime_type = EXCLUDED.mime_type,
    file_size = EXCLUDED.file_size,
    storage_key = EXCLUDED.storage_key,
    klinik = EXCLUDED.klinik,
    ursprung = EXCLUDED.ursprung,
    notes = EXCLUDED.notes,
    uploaded_by = EXCLUDED.uploaded_by,
    created_at = EXCLUDED.created_at,
    version_root_document_id = EXCLUDED.version_root_document_id,
    replaces_document_id = EXCLUDED.replaces_document_id,
    version_number = EXCLUDED.version_number,
    extracted_text = EXCLUDED.extracted_text,
    text_extraction_status = EXCLUDED.text_extraction_status,
    text_extraction_method = EXCLUDED.text_extraction_method,
    text_extracted_at = EXCLUDED.text_extracted_at,
    text_extracted_by = EXCLUDED.text_extracted_by,
    file_deleted_at = EXCLUDED.file_deleted_at,
    file_deleted_by = EXCLUDED.file_deleted_by,
    file_delete_reason = EXCLUDED.file_delete_reason;

INSERT INTO document_shares (
    id,
    document_id,
    shared_with_provider_id,
    shared_with_user_id,
    shared_by,
    channel,
    requires_confirmation,
    confirmed,
    confirmed_at,
    shared_at,
    revoked_at,
    message
) VALUES
    ('13100000-0000-0000-0000-000000000001', '13000000-0000-0000-0000-000000000001', NULL, 'a0000000-0000-0000-0000-000000000011', 'a0000000-0000-0000-0000-000000000003', 'patient_portal', true, true, now() - interval '69 days', now() - interval '69 days', NULL, NULL),
    ('13100000-0000-0000-0000-000000000002', '13000000-0000-0000-0000-000000000003', 'c0000000-0000-0000-0000-000000000002', NULL, 'a0000000-0000-0000-0000-000000000003', 'email', true, true, now() - interval '7 days', now() - interval '7 days', NULL, 'Referral shared ahead of MRI intake slot.'),
    ('13100000-0000-0000-0000-000000000003', '13000000-0000-0000-0000-000000000004', NULL, 'a0000000-0000-0000-0000-000000000012', 'a0000000-0000-0000-0000-000000000007', 'patient_portal', true, false, NULL, now() - interval '5 days', NULL, NULL),
    ('13100000-0000-0000-0000-000000000004', '13000000-0000-0000-0000-000000000006', NULL, 'a0000000-0000-0000-0000-000000000015', 'a0000000-0000-0000-0000-000000000003', 'patient_portal', true, true, now() - interval '2 days', now() - interval '2 days', NULL, NULL),
    ('13100000-0000-0000-0000-000000000005', '13000000-0000-0000-0000-000000000008', NULL, 'a0000000-0000-0000-0000-000000000014', 'a0000000-0000-0000-0000-000000000003', 'patient_portal', true, true, now() - interval '20 hours', now() - interval '20 hours', NULL, NULL),
    ('13100000-0000-0000-0000-000000000006', '13000000-0000-0000-0000-000000000009', NULL, 'a0000000-0000-0000-0000-000000000013', 'a0000000-0000-0000-0000-000000000003', 'patient_portal', false, true, now() - interval '18 hours', now() - interval '18 hours', NULL, NULL),
    ('13100000-0000-0000-0000-000000000007', '13000000-0000-0000-0000-000000000011', NULL, 'a0000000-0000-0000-0000-000000000012', 'a0000000-0000-0000-0000-000000000003', 'patient_portal', true, true, now() - interval '14 hours', now() - interval '14 hours', NULL, NULL),
    ('13100000-0000-0000-0000-000000000008', '13000000-0000-0000-0000-000000000012', NULL, 'a0000000-0000-0000-0000-000000000011', 'a0000000-0000-0000-0000-000000000003', 'patient_portal', true, false, NULL, now() - interval '12 hours', NULL, NULL)
ON CONFLICT (id) DO UPDATE
SET
    document_id = EXCLUDED.document_id,
    shared_with_provider_id = EXCLUDED.shared_with_provider_id,
    shared_with_user_id = EXCLUDED.shared_with_user_id,
    shared_by = EXCLUDED.shared_by,
    channel = EXCLUDED.channel,
    requires_confirmation = EXCLUDED.requires_confirmation,
    confirmed = EXCLUDED.confirmed,
    confirmed_at = EXCLUDED.confirmed_at,
    shared_at = EXCLUDED.shared_at,
    revoked_at = EXCLUDED.revoked_at,
    message = EXCLUDED.message;

INSERT INTO document_translation_requests (
    id,
    document_id,
    patient_id,
    requested_language,
    status,
    requested_by,
    note,
    requested_at,
    completed_at,
    created_at,
    source_language,
    source_text,
    translated_text,
    translated_by,
    translated_at
) VALUES
    ('13200000-0000-0000-0000-000000000001', '13000000-0000-0000-0000-000000000005', 'b0000000-0000-0000-0000-000000000008', 'en', 'completed', 'a0000000-0000-0000-0000-000000000003', 'Translate pathology summary for oncology board and patient portal release.', now() - interval '10 days', now() - interval '3 days', now() - interval '10 days', 'ru', 'Original pathology summary placeholder text.', 'Translated pathology summary placeholder text in English.', 'a0000000-0000-0000-0000-000000000003', now() - interval '3 days'),
    ('13200000-0000-0000-0000-000000000002', '13000000-0000-0000-0000-000000000012', 'b0000000-0000-0000-0000-000000000002', 'pt', 'completed', 'a0000000-0000-0000-0000-000000000003', 'Portal-facing Portuguese translation for patient communication.', now() - interval '1 day', now() - interval '12 hours', now() - interval '1 day', 'de', 'German hematology summary placeholder text.', 'Portuguese hematology summary placeholder text.', 'a0000000-0000-0000-0000-000000000003', now() - interval '12 hours')
ON CONFLICT (id) DO UPDATE
SET
    document_id = EXCLUDED.document_id,
    patient_id = EXCLUDED.patient_id,
    requested_language = EXCLUDED.requested_language,
    status = EXCLUDED.status,
    requested_by = EXCLUDED.requested_by,
    note = EXCLUDED.note,
    requested_at = EXCLUDED.requested_at,
    completed_at = EXCLUDED.completed_at,
    created_at = EXCLUDED.created_at,
    source_language = EXCLUDED.source_language,
    source_text = EXCLUDED.source_text,
    translated_text = EXCLUDED.translated_text,
    translated_by = EXCLUDED.translated_by,
    translated_at = EXCLUDED.translated_at;

INSERT INTO appointment_provider_template_deliveries (
    id,
    appointment_id,
    template_id,
    document_id,
    triggered_by,
    delivery_status,
    error_message,
    delivered_at,
    created_at,
    updated_at
) VALUES
    ('c3100000-0000-0000-0000-000000000001', '11000000-0000-0000-0000-000000000007', 'c3000000-0000-0000-0000-000000000002', '13000000-0000-0000-0000-000000000011', 'a0000000-0000-0000-0000-000000000003', 'delivered', NULL, now() - interval '14 hours', now() - interval '14 hours', now() - interval '14 hours'),
    ('c3100000-0000-0000-0000-000000000002', '11000000-0000-0000-0000-000000000014', 'c3000000-0000-0000-0000-000000000001', '13000000-0000-0000-0000-000000000009', 'a0000000-0000-0000-0000-000000000003', 'delivered', NULL, now() - interval '18 hours', now() - interval '18 hours', now() - interval '18 hours')
ON CONFLICT (appointment_id, template_id) DO UPDATE
SET
    document_id = EXCLUDED.document_id,
    triggered_by = EXCLUDED.triggered_by,
    delivery_status = EXCLUDED.delivery_status,
    error_message = EXCLUDED.error_message,
    delivered_at = EXCLUDED.delivered_at,
    updated_at = EXCLUDED.updated_at;

INSERT INTO external_invoices (
    id,
    order_id,
    patient_id,
    provider_id,
    external_invoice_number,
    invoice_date,
    due_date,
    amount_net,
    amount_vat,
    amount_gross,
    currency,
    status,
    received_at,
    paid_at,
    notes,
    created_by,
    created_at
) VALUES
    ('12210000-0000-0000-0000-000000000001', 'f0000000-0000-0000-0000-000000000001', 'b0000000-0000-0000-0000-000000000001', 'c0000000-0000-0000-0000-000000000001', 'CHAR-2026-071', CURRENT_DATE - 3, CURRENT_DATE + 11, 2394.96, 455.04, 2850.00, 'EUR', 'received', now() - interval '2 days', NULL, 'Charite screening package invoice received and queued for settlement.', 'a0000000-0000-0000-0000-000000000008', now() - interval '2 days'),
    ('12210000-0000-0000-0000-000000000002', 'f0000000-0000-0000-0000-000000000006', 'b0000000-0000-0000-0000-000000000007', 'c0000000-0000-0000-0000-000000000002', 'HEL-2026-044', CURRENT_DATE - 1, CURRENT_DATE + 14, 1176.47, 223.53, 1400.00, 'EUR', 'approved', now() - interval '1 day', NULL, 'MRI and orthopedic consultation provider invoice.', 'a0000000-0000-0000-0000-000000000008', now() - interval '1 day'),
    ('12210000-0000-0000-0000-000000000003', 'f0000000-0000-0000-0000-000000000007', 'b0000000-0000-0000-0000-000000000008', 'c0000000-0000-0000-0000-000000000003', 'UKHD-2026-019', CURRENT_DATE - 4, CURRENT_DATE + 7, 1008.40, 191.60, 1200.00, 'EUR', 'paid', now() - interval '4 days', now() - interval '1 day', 'Second-opinion board invoice settled after final summary release.', 'a0000000-0000-0000-0000-000000000008', now() - interval '4 days')
ON CONFLICT (order_id, external_invoice_number) DO UPDATE
SET
    patient_id = EXCLUDED.patient_id,
    provider_id = EXCLUDED.provider_id,
    invoice_date = EXCLUDED.invoice_date,
    due_date = EXCLUDED.due_date,
    amount_net = EXCLUDED.amount_net,
    amount_vat = EXCLUDED.amount_vat,
    amount_gross = EXCLUDED.amount_gross,
    currency = EXCLUDED.currency,
    status = EXCLUDED.status,
    received_at = EXCLUDED.received_at,
    paid_at = EXCLUDED.paid_at,
    notes = EXCLUDED.notes,
    created_by = EXCLUDED.created_by,
    created_at = EXCLUDED.created_at;

INSERT INTO quotes (
    id,
    order_id,
    quote_number,
    total_net,
    total_vat,
    total_gross,
    status,
    valid_until,
    paid_amount,
    paid_at,
    line_items,
    notes,
    created_by,
    created_at
) VALUES
    ('12100000-0000-0000-0000-000000000001', 'f0000000-0000-0000-0000-000000000001', 'QT-2026-001', 3319.33, 630.67, 3950.00, 'accepted', CURRENT_DATE + 20, 1500.00, now() - interval '30 days', '[{"label":"Executive preventive check-up","qty":1,"gross":"2850.00"},{"label":"Treatment organization","qty":1,"gross":"550.00"},{"label":"Transfer coordination","qty":1,"gross":"180.00"},{"label":"Lab courier and admin","qty":1,"gross":"370.00"}]'::jsonb, 'Accepted after one coverage review call.', 'a0000000-0000-0000-0000-000000000003', now() - interval '33 days'),
    ('12100000-0000-0000-0000-000000000002', 'f0000000-0000-0000-0000-000000000003', 'QT-2026-002', 1403.36, 266.64, 1670.00, 'sent', CURRENT_DATE + 18, 0, NULL, '[{"label":"Knee MRI package","qty":1,"gross":"980.00"},{"label":"Orthopedic consultation","qty":1,"gross":"390.00"},{"label":"Interpreter planning reserve","qty":1,"gross":"300.00"}]'::jsonb, 'Awaiting MRI upload before patient signs.', 'a0000000-0000-0000-0000-000000000003', now() - interval '9 days'),
    ('12100000-0000-0000-0000-000000000003', 'f0000000-0000-0000-0000-000000000006', 'QT-2026-003', 4084.03, 775.97, 4860.00, 'accepted', CURRENT_DATE + 12, 2200.00, now() - interval '15 days', '[{"label":"Spine MRI and consult block","qty":1,"gross":"1400.00"},{"label":"Treatment organization","qty":1,"gross":"550.00"},{"label":"Interpreter support","qty":3,"gross":"285.00"},{"label":"Transfer and concierge","qty":1,"gross":"180.00"},{"label":"Rehab planning reserve","qty":1,"gross":"2445.00"}]'::jsonb, 'Accepted with staged delivery billing.', 'a0000000-0000-0000-0000-000000000003', now() - interval '21 days'),
    ('12100000-0000-0000-0000-000000000004', 'f0000000-0000-0000-0000-000000000007', 'QT-2026-004', 3613.45, 686.55, 4300.00, 'accepted', CURRENT_DATE + 8, 4300.00, now() - interval '2 days', '[{"label":"Second-opinion board","qty":1,"gross":"1200.00"},{"label":"Translation and document prep","qty":1,"gross":"820.00"},{"label":"Treatment organization","qty":1,"gross":"550.00"},{"label":"VIP concierge bundle","qty":1,"gross":"1730.00"}]'::jsonb, 'Fully paid before closure packet release.', 'a0000000-0000-0000-0000-000000000003', now() - interval '18 days'),
    ('12100000-0000-0000-0000-000000000005', 'f0000000-0000-0000-0000-000000000009', 'QT-2026-005', 4302.52, 817.48, 5120.00, 'accepted', CURRENT_DATE + 16, 2560.00, now() - interval '7 days', '[{"label":"Executive screening day","qty":1,"gross":"2850.00"},{"label":"Treatment organization","qty":1,"gross":"550.00"},{"label":"VIP room and concierge","qty":1,"gross":"420.00"},{"label":"Additional specialist slots","qty":1,"gross":"1300.00"}]'::jsonb, 'Corporate package approved after internal employer sign-off.', 'a0000000-0000-0000-0000-000000000003', now() - interval '12 days'),
    ('12100000-0000-0000-0000-000000000006', 'f0000000-0000-0000-0000-000000000010', 'QT-2026-006', 2302.52, 437.48, 2740.00, 'draft', CURRENT_DATE + 25, 0, NULL, '[{"label":"Knee arthroplasty evaluation","qty":1,"gross":"980.00"},{"label":"Provider shortlist and records prep","qty":1,"gross":"410.00"},{"label":"Interpreter reserve","qty":1,"gross":"300.00"},{"label":"Potential rehab plan","qty":1,"gross":"1050.00"}]'::jsonb, 'Draft kept open while patient reviews travel timing.', 'a0000000-0000-0000-0000-000000000003', now() - interval '4 days')
ON CONFLICT (quote_number) DO UPDATE
SET
    order_id = EXCLUDED.order_id,
    total_net = EXCLUDED.total_net,
    total_vat = EXCLUDED.total_vat,
    total_gross = EXCLUDED.total_gross,
    status = EXCLUDED.status,
    valid_until = EXCLUDED.valid_until,
    paid_amount = EXCLUDED.paid_amount,
    paid_at = EXCLUDED.paid_at,
    line_items = EXCLUDED.line_items,
    notes = EXCLUDED.notes,
    created_by = EXCLUDED.created_by,
    created_at = EXCLUDED.created_at;

INSERT INTO quote_versions (
    id,
    quote_id,
    version_number,
    order_id,
    quote_number,
    status,
    total_net,
    total_vat,
    total_gross,
    valid_until,
    paid_amount,
    paid_at,
    line_items,
    notes,
    change_reason,
    created_by,
    created_at
) VALUES
    ('12110000-0000-0000-0000-000000000001', '12100000-0000-0000-0000-000000000001', 1, 'f0000000-0000-0000-0000-000000000001', 'QT-2026-001', 'sent', 3235.29, 614.71, 3850.00, CURRENT_DATE + 28, 0, NULL, '[{"label":"Initial check-up package","gross":"3850.00"}]'::jsonb, 'Initial commercial version.', 'Initial issue', 'a0000000-0000-0000-0000-000000000003', now() - interval '35 days'),
    ('12110000-0000-0000-0000-000000000002', '12100000-0000-0000-0000-000000000001', 2, 'f0000000-0000-0000-0000-000000000001', 'QT-2026-001', 'accepted', 3319.33, 630.67, 3950.00, CURRENT_DATE + 20, 1500.00, now() - interval '30 days', '[{"label":"Updated package with transfer","gross":"3950.00"}]'::jsonb, 'Accepted version.', 'Added transfer coordination and courier line.', 'a0000000-0000-0000-0000-000000000003', now() - interval '33 days'),
    ('12110000-0000-0000-0000-000000000003', '12100000-0000-0000-0000-000000000003', 1, 'f0000000-0000-0000-0000-000000000006', 'QT-2026-003', 'accepted', 4084.03, 775.97, 4860.00, CURRENT_DATE + 12, 2200.00, now() - interval '15 days', '[{"label":"Spine execution package","gross":"4860.00"}]'::jsonb, 'Current accepted version.', 'Interpreter and concierge reserve added.', 'a0000000-0000-0000-0000-000000000003', now() - interval '21 days'),
    ('12110000-0000-0000-0000-000000000004', '12100000-0000-0000-0000-000000000004', 1, 'f0000000-0000-0000-0000-000000000007', 'QT-2026-004', 'sent', 3445.38, 654.62, 4100.00, CURRENT_DATE + 12, 0, NULL, '[{"label":"Initial oncology package","gross":"4100.00"}]'::jsonb, 'Prepayment version.', 'Initial release before concierge add-ons.', 'a0000000-0000-0000-0000-000000000003', now() - interval '22 days'),
    ('12110000-0000-0000-0000-000000000005', '12100000-0000-0000-0000-000000000004', 2, 'f0000000-0000-0000-0000-000000000007', 'QT-2026-004', 'accepted', 3613.45, 686.55, 4300.00, CURRENT_DATE + 8, 4300.00, now() - interval '2 days', '[{"label":"Final oncology package with concierge","gross":"4300.00"}]'::jsonb, 'Final paid version.', 'Added VIP concierge bundle.', 'a0000000-0000-0000-0000-000000000003', now() - interval '18 days'),
    ('12110000-0000-0000-0000-000000000006', '12100000-0000-0000-0000-000000000006', 1, 'f0000000-0000-0000-0000-000000000010', 'QT-2026-006', 'draft', 2302.52, 437.48, 2740.00, CURRENT_DATE + 25, 0, NULL, '[{"label":"Draft knee evaluation package","gross":"2740.00"}]'::jsonb, 'Open draft.', 'Patient reviewing travel dates.', 'a0000000-0000-0000-0000-000000000003', now() - interval '4 days')
ON CONFLICT (quote_id, version_number) DO UPDATE
SET
    order_id = EXCLUDED.order_id,
    quote_number = EXCLUDED.quote_number,
    status = EXCLUDED.status,
    total_net = EXCLUDED.total_net,
    total_vat = EXCLUDED.total_vat,
    total_gross = EXCLUDED.total_gross,
    valid_until = EXCLUDED.valid_until,
    paid_amount = EXCLUDED.paid_amount,
    paid_at = EXCLUDED.paid_at,
    line_items = EXCLUDED.line_items,
    notes = EXCLUDED.notes,
    change_reason = EXCLUDED.change_reason,
    created_by = EXCLUDED.created_by,
    created_at = EXCLUDED.created_at;

INSERT INTO invoices (
    id,
    quote_id,
    order_id,
    patient_id,
    invoice_number,
    invoice_type,
    status,
    issued_at,
    due_date,
    total_net,
    total_vat,
    total_gross,
    paid_amount,
    paid_at,
    line_items,
    notes,
    created_by,
    created_at
) VALUES
    ('12200000-0000-0000-0000-000000000001', '12100000-0000-0000-0000-000000000001', 'f0000000-0000-0000-0000-000000000001', 'b0000000-0000-0000-0000-000000000001', 'INV-DEMO-2026-001', 'advance', 'paid', now() - interval '30 days', CURRENT_DATE - 10, 1260.50, 239.50, 1500.00, 1500.00, now() - interval '24 days', '[{"label":"Advance payment","gross":"1500.00"}]'::jsonb, 'Advance invoice fully paid.', 'a0000000-0000-0000-0000-000000000008', now() - interval '30 days'),
    ('12200000-0000-0000-0000-000000000002', '12100000-0000-0000-0000-000000000003', 'f0000000-0000-0000-0000-000000000006', 'b0000000-0000-0000-0000-000000000007', 'INV-DEMO-2026-002', 'interim', 'partially_paid', now() - interval '8 days', CURRENT_DATE + 6, 2100.84, 399.16, 2500.00, 1250.00, now() - interval '3 days', '[{"label":"MRI and execution block","gross":"2500.00"}]'::jsonb, 'Partially paid while rehab option is still open.', 'a0000000-0000-0000-0000-000000000008', now() - interval '8 days'),
    ('12200000-0000-0000-0000-000000000003', '12100000-0000-0000-0000-000000000004', 'f0000000-0000-0000-0000-000000000007', 'b0000000-0000-0000-0000-000000000008', 'INV-DEMO-2026-003', 'final', 'paid', now() - interval '2 days', CURRENT_DATE + 14, 3613.45, 686.55, 4300.00, 4300.00, now() - interval '2 days', '[{"label":"Oncology package final invoice","gross":"4300.00"}]'::jsonb, 'Fully paid final invoice for second-opinion package.', 'a0000000-0000-0000-0000-000000000008', now() - interval '2 days'),
    ('12200000-0000-0000-0000-000000000004', '12100000-0000-0000-0000-000000000005', 'f0000000-0000-0000-0000-000000000009', 'b0000000-0000-0000-0000-000000000012', 'INV-DEMO-2026-004', 'interim', 'sent', now() - interval '1 day', CURRENT_DATE + 9, 2151.26, 408.74, 2560.00, 0, NULL, '[{"label":"Corporate package milestone invoice","gross":"2560.00"}]'::jsonb, 'Visible in portal but not yet paid.', 'a0000000-0000-0000-0000-000000000008', now() - interval '1 day')
ON CONFLICT (invoice_number) DO UPDATE
SET
    quote_id = EXCLUDED.quote_id,
    order_id = EXCLUDED.order_id,
    patient_id = EXCLUDED.patient_id,
    invoice_type = EXCLUDED.invoice_type,
    status = EXCLUDED.status,
    issued_at = EXCLUDED.issued_at,
    due_date = EXCLUDED.due_date,
    total_net = EXCLUDED.total_net,
    total_vat = EXCLUDED.total_vat,
    total_gross = EXCLUDED.total_gross,
    paid_amount = EXCLUDED.paid_amount,
    paid_at = EXCLUDED.paid_at,
    line_items = EXCLUDED.line_items,
    notes = EXCLUDED.notes,
    created_by = EXCLUDED.created_by,
    created_at = EXCLUDED.created_at;

INSERT INTO order_leistungen (
    id,
    order_id,
    description,
    quantity,
    unit_price,
    currency,
    vat_rate,
    is_cost_passthrough,
    provider_id,
    doctor_id,
    status,
    delivered_at,
    approved_by,
    approved_at,
    notes,
    created_at,
    source_interpreter_report_id,
    agency_service_id,
    external_document_id,
    source_medical_appointment_id
) VALUES
    ('12400000-0000-0000-0000-000000000001', 'f0000000-0000-0000-0000-000000000001', 'Executive preventive check-up package', 1, 2394.96, 'EUR', 19, false, 'c0000000-0000-0000-0000-000000000001', 'c1000000-0000-0000-0000-000000000001', 'approved', now() - interval '2 days', 'a0000000-0000-0000-0000-000000000003', now() - interval '2 days', 'Delivered through completed appointment.', now() - interval '2 days', NULL, NULL, NULL, '11000000-0000-0000-0000-000000000001'),
    ('12400000-0000-0000-0000-000000000002', 'f0000000-0000-0000-0000-000000000001', 'Treatment organization', 1, 462.18, 'EUR', 19, false, NULL, NULL, 'approved', now() - interval '5 days', 'a0000000-0000-0000-0000-000000000003', now() - interval '5 days', 'Agency coordination line item.', now() - interval '5 days', NULL, '12300000-0000-0000-0000-000000000001', NULL, NULL),
    ('12400000-0000-0000-0000-000000000003', 'f0000000-0000-0000-0000-000000000002', 'Interpreter support after hematology visit', 1.25, 95, 'EUR', 19, false, NULL, NULL, 'approved', now() - interval '1 day', 'a0000000-0000-0000-0000-000000000004', now() - interval '12 hours', 'Linked to approved interpreter report.', now() - interval '1 day', '12500000-0000-0000-0000-000000000001', '12300000-0000-0000-0000-000000000002', NULL, NULL),
    ('12400000-0000-0000-0000-000000000004', 'f0000000-0000-0000-0000-000000000006', 'Helios MRI and orthopedic review', 1, 1176.47, 'EUR', 19, true, 'c0000000-0000-0000-0000-000000000002', 'c1000000-0000-0000-0000-000000000004', 'approved', now() - interval '1 day', 'a0000000-0000-0000-0000-000000000003', now() - interval '12 hours', 'Matches external provider invoice.', now() - interval '1 day', NULL, NULL, NULL, '11000000-0000-0000-0000-000000000007'),
    ('12400000-0000-0000-0000-000000000005', 'f0000000-0000-0000-0000-000000000006', 'Interpreter support for spine visit', 1.5, 95, 'EUR', 19, false, NULL, NULL, 'approved', now() - interval '12 hours', 'a0000000-0000-0000-0000-000000000004', now() - interval '12 hours', 'Interpreter billing synced from report.', now() - interval '12 hours', '12500000-0000-0000-0000-000000000002', '12300000-0000-0000-0000-000000000002', NULL, NULL),
    ('12400000-0000-0000-0000-000000000006', 'f0000000-0000-0000-0000-000000000006', 'Airport and clinic transfer coordination', 1, 151.26, 'EUR', 19, false, NULL, NULL, 'delivered', now() - interval '5 days', NULL, NULL, 'Linked to concierge-arrival workflow.', now() - interval '5 days', NULL, '12300000-0000-0000-0000-000000000003', NULL, NULL),
    ('12400000-0000-0000-0000-000000000007', 'f0000000-0000-0000-0000-000000000007', 'Oncology second-opinion board', 1, 1008.40, 'EUR', 19, true, 'c0000000-0000-0000-0000-000000000003', 'c1000000-0000-0000-0000-000000000006', 'approved', now() - interval '4 days', 'a0000000-0000-0000-0000-000000000003', now() - interval '3 days', 'Mapped to paid external invoice.', now() - interval '4 days', NULL, NULL, '13000000-0000-0000-0000-000000000007', '11000000-0000-0000-0000-000000000008'),
    ('12400000-0000-0000-0000-000000000008', 'f0000000-0000-0000-0000-000000000007', 'Document translation and summary prep', 1, 689.08, 'EUR', 19, false, NULL, NULL, 'approved', now() - interval '2 days', 'a0000000-0000-0000-0000-000000000003', now() - interval '2 days', 'Internal service for translation workflow.', now() - interval '2 days', NULL, '12300000-0000-0000-0000-000000000001', NULL, NULL),
    ('12400000-0000-0000-0000-000000000009', 'f0000000-0000-0000-0000-000000000009', 'Executive screening package', 1, 2394.96, 'EUR', 19, false, 'c0000000-0000-0000-0000-000000000001', 'c1000000-0000-0000-0000-000000000001', 'planned', NULL, NULL, NULL, 'Will be marked delivered after screening day completes.', now() - interval '1 day', NULL, NULL, NULL, '11000000-0000-0000-0000-000000000010'),
    ('12400000-0000-0000-0000-000000000010', 'f0000000-0000-0000-0000-000000000010', 'Discovery and provider shortlist', 1, 344.54, 'EUR', 19, false, NULL, NULL, 'planned', NULL, NULL, NULL, 'Non-clinical discovery work before travel commitment.', now() - interval '4 days', NULL, '12300000-0000-0000-0000-000000000001', NULL, NULL)
ON CONFLICT (id) DO UPDATE
SET
    order_id = EXCLUDED.order_id,
    description = EXCLUDED.description,
    quantity = EXCLUDED.quantity,
    unit_price = EXCLUDED.unit_price,
    currency = EXCLUDED.currency,
    vat_rate = EXCLUDED.vat_rate,
    is_cost_passthrough = EXCLUDED.is_cost_passthrough,
    provider_id = EXCLUDED.provider_id,
    doctor_id = EXCLUDED.doctor_id,
    status = EXCLUDED.status,
    delivered_at = EXCLUDED.delivered_at,
    approved_by = EXCLUDED.approved_by,
    approved_at = EXCLUDED.approved_at,
    notes = EXCLUDED.notes,
    created_at = EXCLUDED.created_at,
    source_interpreter_report_id = EXCLUDED.source_interpreter_report_id,
    agency_service_id = EXCLUDED.agency_service_id,
    external_document_id = EXCLUDED.external_document_id,
    source_medical_appointment_id = EXCLUDED.source_medical_appointment_id;

INSERT INTO accounting_entries (
    id,
    entry_kind,
    direction,
    category,
    source_invoice_id,
    source_external_invoice_id,
    order_id,
    patient_id,
    entry_date,
    description,
    amount_net,
    amount_vat,
    amount_gross,
    currency,
    metadata,
    created_by,
    created_at
) VALUES
    ('12220000-0000-0000-0000-000000000001', 'invoice_payment', 'income', 'service_revenue', '12200000-0000-0000-0000-000000000001', NULL, 'f0000000-0000-0000-0000-000000000001', 'b0000000-0000-0000-0000-000000000001', CURRENT_DATE - 24, 'Advance payment for executive package', 1260.50, 239.50, 1500.00, 'EUR', '{"payment_method":"bank_transfer"}'::jsonb, 'a0000000-0000-0000-0000-000000000008', now() - interval '24 days'),
    ('12220000-0000-0000-0000-000000000002', 'invoice_payment', 'income', 'service_revenue', '12200000-0000-0000-0000-000000000002', NULL, 'f0000000-0000-0000-0000-000000000006', 'b0000000-0000-0000-0000-000000000007', CURRENT_DATE - 3, 'Partial payment for spine execution package', 1050.42, 199.58, 1250.00, 'EUR', '{"payment_method":"card"}'::jsonb, 'a0000000-0000-0000-0000-000000000008', now() - interval '3 days'),
    ('12220000-0000-0000-0000-000000000003', 'invoice_payment', 'income', 'service_revenue', '12200000-0000-0000-0000-000000000003', NULL, 'f0000000-0000-0000-0000-000000000007', 'b0000000-0000-0000-0000-000000000008', CURRENT_DATE - 2, 'Final payment for oncology second-opinion package', 3613.45, 686.55, 4300.00, 'EUR', '{"payment_method":"wire"}'::jsonb, 'a0000000-0000-0000-0000-000000000008', now() - interval '2 days'),
    ('12220000-0000-0000-0000-000000000004', 'external_invoice_payment', 'expense', 'provider_expense', NULL, '12210000-0000-0000-0000-000000000003', 'f0000000-0000-0000-0000-000000000007', 'b0000000-0000-0000-0000-000000000008', CURRENT_DATE - 1, 'Provider invoice settlement for oncology board', 1008.40, 191.60, 1200.00, 'EUR', '{"settlement":"outgoing_wire"}'::jsonb, 'a0000000-0000-0000-0000-000000000008', now() - interval '1 day')
ON CONFLICT (id) DO UPDATE
SET
    entry_kind = EXCLUDED.entry_kind,
    direction = EXCLUDED.direction,
    category = EXCLUDED.category,
    source_invoice_id = EXCLUDED.source_invoice_id,
    source_external_invoice_id = EXCLUDED.source_external_invoice_id,
    order_id = EXCLUDED.order_id,
    patient_id = EXCLUDED.patient_id,
    entry_date = EXCLUDED.entry_date,
    description = EXCLUDED.description,
    amount_net = EXCLUDED.amount_net,
    amount_vat = EXCLUDED.amount_vat,
    amount_gross = EXCLUDED.amount_gross,
    currency = EXCLUDED.currency,
    metadata = EXCLUDED.metadata,
    created_by = EXCLUDED.created_by,
    created_at = EXCLUDED.created_at;

INSERT INTO concierge_services (
    id,
    patient_id,
    appointment_id,
    provider_id,
    assigned_concierge_id,
    service_kind,
    title,
    status,
    booking_reference,
    vendor_name,
    vendor_contact,
    starts_at,
    ends_at,
    cost_estimate,
    actual_cost,
    currency,
    billing_status,
    service_notes,
    billing_notes,
    completed_at,
    billed_at,
    created_by,
    created_at,
    request_source
) VALUES
    ('13300000-0000-0000-0000-000000000001', 'b0000000-0000-0000-0000-000000000001', '11000000-0000-0000-0000-000000000011', 'c0000000-0000-0000-0000-000000000005', 'a0000000-0000-0000-0000-000000000007', 'transfer', 'Hotel transfer for executive check-up', 'completed', 'PMT-TR-7712', 'Premium Medical Travel GmbH', '+49-30-200-300', now() - interval '2 days 2 hours', now() - interval '2 days 90 minutes', 180.00, 180.00, 'EUR', 'billed', 'Driver waited at hotel lobby and escorted patient to admission desk.', 'Billed together with executive package.', now() - interval '2 days', now() - interval '1 day', 'a0000000-0000-0000-0000-000000000007', now() - interval '4 days', 'staff'),
    ('13300000-0000-0000-0000-000000000002', 'b0000000-0000-0000-0000-000000000007', '11000000-0000-0000-0000-000000000007', 'c0000000-0000-0000-0000-000000000005', 'a0000000-0000-0000-0000-000000000007', 'transfer', 'Airport and clinic transfer support', 'confirmed', 'PMT-TR-8841', 'Premium Medical Travel GmbH', '+49-30-200-300', now() + interval '18 hours', now() + interval '20 hours', 180.00, NULL, 'EUR', 'ready', 'Created from patient portal request and tied to active spine execution visit.', 'Ready for post-delivery billing.', NULL, NULL, 'a0000000-0000-0000-0000-000000000012', now() - interval '2 days', 'patient_portal'),
    ('13300000-0000-0000-0000-000000000003', 'b0000000-0000-0000-0000-000000000008', '11000000-0000-0000-0000-000000000008', 'c0000000-0000-0000-0000-000000000005', 'a0000000-0000-0000-0000-000000000007', 'vip_terminal', 'VIP airport departure assistance', 'booked', 'PMT-VIP-2204', 'Premium Medical Travel GmbH', '+49-30-200-300', now() + interval '5 days', now() + interval '5 days 3 hours', 620.00, NULL, 'EUR', 'draft', 'Requested by family for return flight after Heidelberg visit.', NULL, NULL, NULL, 'a0000000-0000-0000-0000-000000000007', now() - interval '1 day', 'staff'),
    ('13300000-0000-0000-0000-000000000004', 'b0000000-0000-0000-0000-000000000014', NULL, 'c0000000-0000-0000-0000-000000000005', 'a0000000-0000-0000-0000-000000000007', 'chauffeur', 'Day-of-visit chauffeur request', 'planned', NULL, 'Premium Medical Travel GmbH', '+49-30-200-300', now() + interval '7 days 2 hours', now() + interval '7 days 5 hours', 240.00, NULL, 'EUR', 'draft', 'Portal request created alongside cardiology appointment request conversion.', NULL, NULL, NULL, 'a0000000-0000-0000-0000-000000000013', now() - interval '1 day', 'patient_portal')
ON CONFLICT (id) DO UPDATE
SET
    patient_id = EXCLUDED.patient_id,
    appointment_id = EXCLUDED.appointment_id,
    provider_id = EXCLUDED.provider_id,
    assigned_concierge_id = EXCLUDED.assigned_concierge_id,
    service_kind = EXCLUDED.service_kind,
    title = EXCLUDED.title,
    status = EXCLUDED.status,
    booking_reference = EXCLUDED.booking_reference,
    vendor_name = EXCLUDED.vendor_name,
    vendor_contact = EXCLUDED.vendor_contact,
    starts_at = EXCLUDED.starts_at,
    ends_at = EXCLUDED.ends_at,
    cost_estimate = EXCLUDED.cost_estimate,
    actual_cost = EXCLUDED.actual_cost,
    currency = EXCLUDED.currency,
    billing_status = EXCLUDED.billing_status,
    service_notes = EXCLUDED.service_notes,
    billing_notes = EXCLUDED.billing_notes,
    completed_at = EXCLUDED.completed_at,
    billed_at = EXCLUDED.billed_at,
    created_by = EXCLUDED.created_by,
    created_at = EXCLUDED.created_at,
    request_source = EXCLUDED.request_source;

INSERT INTO tasks (
    id,
    title,
    description,
    assigned_to,
    assigned_by,
    patient_id,
    order_id,
    appointment_id,
    due_date,
    priority,
    status,
    completed_at,
    created_at
) VALUES
    ('12900000-0000-0000-0000-000000000001', 'Patient checklist: Verify contact, insurance and emergency data', 'Auto-generated from patient intake workflow.', 'a0000000-0000-0000-0000-000000000003', 'a0000000-0000-0000-0000-000000000003', 'b0000000-0000-0000-0000-000000000002', NULL, NULL, now() + interval '1 day', 'high', 'in_progress', NULL, now() - interval '1 day'),
    ('12900000-0000-0000-0000-000000000002', 'Patient checklist: Review DSGVO, contract readiness and legal status', 'Auto-generated from patient intake workflow.', 'a0000000-0000-0000-0000-000000000003', 'a0000000-0000-0000-0000-000000000003', 'b0000000-0000-0000-0000-000000000002', NULL, NULL, now() - interval '4 hours', 'high', 'completed', now() - interval '2 hours', now() - interval '2 days'),
    ('12900000-0000-0000-0000-000000000003', 'Order checklist: Track delivered Leistungen and pending approvals', 'Auto-generated from order workflow checklist.', 'a0000000-0000-0000-0000-000000000003', 'a0000000-0000-0000-0000-000000000003', 'b0000000-0000-0000-0000-000000000007', 'f0000000-0000-0000-0000-000000000006', NULL, now() + interval '2 days', 'high', 'open', NULL, now() - interval '1 day'),
    ('12900000-0000-0000-0000-000000000004', 'Order checklist: Coordinate travel, accommodation or external support handoff', 'Auto-generated from order workflow checklist.', 'a0000000-0000-0000-0000-000000000007', 'a0000000-0000-0000-0000-000000000003', 'b0000000-0000-0000-0000-000000000007', 'f0000000-0000-0000-0000-000000000006', NULL, now() + interval '1 day', 'normal', 'in_progress', NULL, now() - interval '1 day'),
    ('12900000-0000-0000-0000-000000000005', 'Order checklist: Plan follow-up visits and post-treatment outreach', 'Auto-generated from order workflow checklist.', 'a0000000-0000-0000-0000-000000000003', 'a0000000-0000-0000-0000-000000000003', 'b0000000-0000-0000-0000-000000000009', 'f0000000-0000-0000-0000-000000000008', NULL, now() + interval '5 days', 'high', 'open', NULL, now() - interval '1 day'),
    ('12900000-0000-0000-0000-000000000006', 'Send insurer wording update to Juliana Gale', 'Manual billing follow-up task for hematology order.', 'a0000000-0000-0000-0000-000000000008', 'a0000000-0000-0000-0000-000000000003', 'b0000000-0000-0000-0000-000000000002', 'f0000000-0000-0000-0000-000000000002', NULL, now() + interval '1 day', 'urgent', 'open', NULL, now() - interval '8 hours')
ON CONFLICT (id) DO UPDATE
SET
    title = EXCLUDED.title,
    description = EXCLUDED.description,
    assigned_to = EXCLUDED.assigned_to,
    assigned_by = EXCLUDED.assigned_by,
    patient_id = EXCLUDED.patient_id,
    order_id = EXCLUDED.order_id,
    appointment_id = EXCLUDED.appointment_id,
    due_date = EXCLUDED.due_date,
    priority = EXCLUDED.priority,
    status = EXCLUDED.status,
    completed_at = EXCLUDED.completed_at,
    created_at = EXCLUDED.created_at;

INSERT INTO workflow_checklist_items (
    id,
    scope_type,
    scope_id,
    patient_id,
    order_id,
    checklist_key,
    item_key,
    item_text,
    owner_role,
    owner_user_id,
    created_by,
    linked_task_id,
    priority,
    due_date,
    is_completed,
    completed_by,
    completed_at,
    sort_order,
    metadata,
    created_at
) VALUES
    ('14400000-0000-0000-0000-000000000001', 'patient', 'b0000000-0000-0000-0000-000000000002', 'b0000000-0000-0000-0000-000000000002', NULL, 'patient_intake', 'profile_verification', 'Verify contact, insurance and emergency data', 'patient_manager', 'a0000000-0000-0000-0000-000000000003', 'a0000000-0000-0000-0000-000000000003', '12900000-0000-0000-0000-000000000001', 'high', now() + interval '1 day', false, NULL, NULL, 1, '{"template":true}'::jsonb, now() - interval '1 day'),
    ('14400000-0000-0000-0000-000000000002', 'patient', 'b0000000-0000-0000-0000-000000000002', 'b0000000-0000-0000-0000-000000000002', NULL, 'patient_intake', 'compliance_readiness', 'Review DSGVO, contract readiness and legal status', 'patient_manager', 'a0000000-0000-0000-0000-000000000003', 'a0000000-0000-0000-0000-000000000003', '12900000-0000-0000-0000-000000000002', 'high', now() - interval '4 hours', true, 'a0000000-0000-0000-0000-000000000003', now() - interval '2 hours', 2, '{"template":true}'::jsonb, now() - interval '2 days'),
    ('14400000-0000-0000-0000-000000000003', 'patient', 'b0000000-0000-0000-0000-000000000002', 'b0000000-0000-0000-0000-000000000002', NULL, 'patient_intake', 'document_pack_review', 'Audit required patient documents and current upload gaps', 'patient_manager', 'a0000000-0000-0000-0000-000000000003', 'a0000000-0000-0000-0000-000000000003', NULL, 'normal', now() + interval '2 days', false, NULL, NULL, 3, '{"template":true}'::jsonb, now() - interval '1 day'),
    ('14400000-0000-0000-0000-000000000004', 'patient', 'b0000000-0000-0000-0000-000000000002', 'b0000000-0000-0000-0000-000000000002', NULL, 'patient_intake', 'language_support_needs', 'Confirm language, travel and concierge support needs', 'concierge', 'a0000000-0000-0000-0000-000000000007', 'a0000000-0000-0000-0000-000000000003', NULL, 'normal', now() + interval '3 days', false, NULL, NULL, 4, '{"template":true}'::jsonb, now() - interval '1 day'),
    ('14400000-0000-0000-0000-000000000005', 'order', 'f0000000-0000-0000-0000-000000000006', 'b0000000-0000-0000-0000-000000000007', 'f0000000-0000-0000-0000-000000000006', 'order_discovery', 'scope_review', 'Review order scope and convert needs into service blocks', 'patient_manager', 'a0000000-0000-0000-0000-000000000003', 'a0000000-0000-0000-0000-000000000003', NULL, 'high', now() - interval '6 days', true, 'a0000000-0000-0000-0000-000000000003', now() - interval '5 days', 1, '{"template":true,"phase":"discovery"}'::jsonb, now() - interval '8 days'),
    ('14400000-0000-0000-0000-000000000006', 'order', 'f0000000-0000-0000-0000-000000000006', 'b0000000-0000-0000-0000-000000000007', 'f0000000-0000-0000-0000-000000000006', 'order_execution', 'leistungen_tracking', 'Track delivered Leistungen and pending approvals', 'patient_manager', 'a0000000-0000-0000-0000-000000000003', 'a0000000-0000-0000-0000-000000000003', '12900000-0000-0000-0000-000000000003', 'high', now() + interval '2 days', false, NULL, NULL, 1, '{"template":true,"phase":"execution"}'::jsonb, now() - interval '1 day'),
    ('14400000-0000-0000-0000-000000000007', 'order', 'f0000000-0000-0000-0000-000000000006', 'b0000000-0000-0000-0000-000000000007', 'f0000000-0000-0000-0000-000000000006', 'order_execution', 'concierge_handoff', 'Coordinate travel, accommodation or external support handoff', 'concierge', 'a0000000-0000-0000-0000-000000000007', 'a0000000-0000-0000-0000-000000000003', '12900000-0000-0000-0000-000000000004', 'normal', now() + interval '1 day', false, NULL, NULL, 2, '{"template":true,"phase":"execution"}'::jsonb, now() - interval '1 day'),
    ('14400000-0000-0000-0000-000000000008', 'order', 'f0000000-0000-0000-0000-000000000008', 'b0000000-0000-0000-0000-000000000009', 'f0000000-0000-0000-0000-000000000008', 'order_followup', 'followup_plan', 'Plan follow-up visits and post-treatment outreach', 'patient_manager', 'a0000000-0000-0000-0000-000000000003', 'a0000000-0000-0000-0000-000000000003', '12900000-0000-0000-0000-000000000005', 'high', now() + interval '5 days', false, NULL, NULL, 1, '{"template":true,"phase":"followup"}'::jsonb, now() - interval '1 day')
ON CONFLICT (scope_type, scope_id, checklist_key, item_key) DO UPDATE
SET
    patient_id = EXCLUDED.patient_id,
    order_id = EXCLUDED.order_id,
    item_text = EXCLUDED.item_text,
    owner_role = EXCLUDED.owner_role,
    owner_user_id = EXCLUDED.owner_user_id,
    created_by = EXCLUDED.created_by,
    linked_task_id = EXCLUDED.linked_task_id,
    priority = EXCLUDED.priority,
    due_date = EXCLUDED.due_date,
    is_completed = EXCLUDED.is_completed,
    completed_by = EXCLUDED.completed_by,
    completed_at = EXCLUDED.completed_at,
    sort_order = EXCLUDED.sort_order,
    metadata = EXCLUDED.metadata,
    created_at = EXCLUDED.created_at;

INSERT INTO workflow_lifecycle_events (
    id,
    entity_type,
    entity_id,
    from_stage,
    to_stage,
    transition_kind,
    note,
    metadata,
    changed_by,
    created_at
) VALUES
    ('14600000-0000-0000-0000-000000000001', 'lead', 'd0000000-0000-0000-0000-000000000001', NULL, 'new', 'created', 'Website submission created the lead.', '{"source":"website_form"}'::jsonb, NULL, now() - interval '18 days'),
    ('14600000-0000-0000-0000-000000000002', 'lead', 'd0000000-0000-0000-0000-000000000009', 'qualified', 'converted', 'converted', 'Converted into active patient after employer approval.', '{"patient_id":"b0000000-0000-0000-0000-000000000012"}'::jsonb, 'a0000000-0000-0000-0000-000000000009', now() - interval '32 days'),
    ('14600000-0000-0000-0000-000000000003', 'lead', 'd0000000-0000-0000-0000-000000000008', 'qualified', 'archived', 'archived', 'Archived after budget review.', '{"reason":"insurance_gap"}'::jsonb, 'a0000000-0000-0000-0000-000000000009', now() - interval '18 days'),
    ('14600000-0000-0000-0000-000000000004', 'order', 'f0000000-0000-0000-0000-000000000006', 'discovery', 'execution', 'phase_change', 'MRI records received and order moved into execution.', '{"patient_id":"b0000000-0000-0000-0000-000000000007"}'::jsonb, 'a0000000-0000-0000-0000-000000000003', now() - interval '15 days'),
    ('14600000-0000-0000-0000-000000000005', 'order', 'f0000000-0000-0000-0000-000000000007', 'execution', 'closure', 'phase_change', 'Oncology second-opinion board completed and moved to closure.', '{"patient_id":"b0000000-0000-0000-0000-000000000008"}'::jsonb, 'a0000000-0000-0000-0000-000000000003', now() - interval '4 days'),
    ('14600000-0000-0000-0000-000000000006', 'order', 'f0000000-0000-0000-0000-000000000008', 'execution', 'followup', 'phase_change', 'Cardiology treatment block completed; recurring follow-up plan activated.', '{"care_path":"followup"}'::jsonb, 'a0000000-0000-0000-0000-000000000003', now() - interval '8 days')
ON CONFLICT (id) DO UPDATE
SET
    entity_type = EXCLUDED.entity_type,
    entity_id = EXCLUDED.entity_id,
    from_stage = EXCLUDED.from_stage,
    to_stage = EXCLUDED.to_stage,
    transition_kind = EXCLUDED.transition_kind,
    note = EXCLUDED.note,
    metadata = EXCLUDED.metadata,
    changed_by = EXCLUDED.changed_by,
    created_at = EXCLUDED.created_at;

INSERT INTO patient_vital_measurements (
    id,
    patient_id,
    measured_at,
    bp_systolic,
    bp_diastolic,
    heart_rate,
    weight_kg,
    height_cm,
    bmi,
    notes,
    recorded_by,
    created_at
) VALUES
    ('13600000-0000-0000-0000-000000000001', 'b0000000-0000-0000-0000-000000000004', now() - interval '1 day', 138, 86, 78, 84.0, 184.0, 24.8, 'Measured before intake review.', 'a0000000-0000-0000-0000-000000000003', now() - interval '1 day'),
    ('13600000-0000-0000-0000-000000000002', 'b0000000-0000-0000-0000-000000000007', now() - interval '2 days', 146, 92, 88, 94.0, 182.0, 28.4, 'Pain flare increased BP slightly.', 'a0000000-0000-0000-0000-000000000003', now() - interval '2 days'),
    ('13600000-0000-0000-0000-000000000003', 'b0000000-0000-0000-0000-000000000009', now() - interval '1 day', 128, 76, 68, 81.0, 179.0, 25.3, 'Stable follow-up reading prior to recurring series.', 'a0000000-0000-0000-0000-000000000003', now() - interval '1 day'),
    ('13600000-0000-0000-0000-000000000004', 'b0000000-0000-0000-0000-000000000012', now() - interval '12 hours', 118, 72, 64, 56.0, 165.0, 20.6, 'Baseline for executive screening package.', 'a0000000-0000-0000-0000-000000000003', now() - interval '12 hours')
ON CONFLICT (id) DO UPDATE
SET
    patient_id = EXCLUDED.patient_id,
    measured_at = EXCLUDED.measured_at,
    bp_systolic = EXCLUDED.bp_systolic,
    bp_diastolic = EXCLUDED.bp_diastolic,
    heart_rate = EXCLUDED.heart_rate,
    weight_kg = EXCLUDED.weight_kg,
    height_cm = EXCLUDED.height_cm,
    bmi = EXCLUDED.bmi,
    notes = EXCLUDED.notes,
    recorded_by = EXCLUDED.recorded_by,
    created_at = EXCLUDED.created_at;

INSERT INTO patient_medical_orders (
    id,
    patient_id,
    order_date,
    order_type,
    title,
    instructions,
    status,
    due_date,
    source,
    ordered_by,
    created_at
) VALUES
    ('13700000-0000-0000-0000-000000000001', 'b0000000-0000-0000-0000-000000000007', now() - interval '1 day', 'physiotherapy', 'Start post-MRI physiotherapy planning', 'Book three local physiotherapy options and send comparison to patient.', 'active', CURRENT_DATE + 10, 'orthopedic_review', 'a0000000-0000-0000-0000-000000000003', now() - interval '1 day'),
    ('13700000-0000-0000-0000-000000000002', 'b0000000-0000-0000-0000-000000000009', now() - interval '1 day', 'lab_recheck', 'Repeat lipid and HbA1c panel', 'Upload results before second follow-up series visit.', 'active', CURRENT_DATE + 17, 'cardiology_followup', 'a0000000-0000-0000-0000-000000000003', now() - interval '1 day')
ON CONFLICT (id) DO UPDATE
SET
    patient_id = EXCLUDED.patient_id,
    order_date = EXCLUDED.order_date,
    order_type = EXCLUDED.order_type,
    title = EXCLUDED.title,
    instructions = EXCLUDED.instructions,
    status = EXCLUDED.status,
    due_date = EXCLUDED.due_date,
    source = EXCLUDED.source,
    ordered_by = EXCLUDED.ordered_by,
    created_at = EXCLUDED.created_at;

INSERT INTO patient_card_entries (
    id,
    patient_id,
    entry_date,
    category,
    source,
    content,
    author_id,
    created_at
) VALUES
    ('13800000-0000-0000-0000-000000000001', 'b0000000-0000-0000-0000-000000000007', now() - interval '1 day', 'medical_update', 'orthopedic_review', 'MRI disk received; patient asked for rehab-inclusive recommendation before any surgery commitment.', 'a0000000-0000-0000-0000-000000000003', now() - interval '1 day'),
    ('13800000-0000-0000-0000-000000000002', 'b0000000-0000-0000-0000-000000000008', now() - interval '3 days', 'provider_report', 'oncology_board', 'Second-opinion board recommends surgery first and no immediate systemic escalation.', 'a0000000-0000-0000-0000-000000000003', now() - interval '3 days'),
    ('13800000-0000-0000-0000-000000000003', 'b0000000-0000-0000-0000-000000000009', now() - interval '1 day', 'followup_note', 'cardiology_followup', 'Blood-pressure trend acceptable; continue current antiplatelet plan pending next labs.', 'a0000000-0000-0000-0000-000000000003', now() - interval '1 day'),
    ('13800000-0000-0000-0000-000000000004', 'b0000000-0000-0000-0000-000000000012', now() - interval '12 hours', 'patient_report', 'portal', 'Patient confirmed fasting instructions and arrival time via portal.', 'a0000000-0000-0000-0000-000000000014', now() - interval '12 hours')
ON CONFLICT (id) DO UPDATE
SET
    patient_id = EXCLUDED.patient_id,
    entry_date = EXCLUDED.entry_date,
    category = EXCLUDED.category,
    source = EXCLUDED.source,
    content = EXCLUDED.content,
    author_id = EXCLUDED.author_id,
    created_at = EXCLUDED.created_at;

INSERT INTO patient_risk_scores (
    id,
    patient_id,
    computed_at,
    score_type,
    score_value,
    scale_max,
    interpretation,
    source,
    inputs,
    recorded_by,
    created_at
) VALUES
    ('13900000-0000-0000-0000-000000000001', 'b0000000-0000-0000-0000-000000000007', now() - interval '2 days', 'fall_risk', 3, 5, 'Moderate fall risk while pain is uncontrolled.', 'care_team_review', '{"mobility_aid":true,"night_pain":true}'::jsonb, 'a0000000-0000-0000-0000-000000000003', now() - interval '2 days'),
    ('13900000-0000-0000-0000-000000000002', 'b0000000-0000-0000-0000-000000000009', now() - interval '1 day', 'cha2ds2_vasc', 4, 9, 'Requires continued cardiovascular risk monitoring.', 'cardiology_followup', '{"htn":true,"diabetes":true,"vascular_disease":true}'::jsonb, 'a0000000-0000-0000-0000-000000000003', now() - interval '1 day'),
    ('13900000-0000-0000-0000-000000000003', 'b0000000-0000-0000-0000-000000000012', now() - interval '12 hours', 'nutrition_risk', 1, 5, 'Low nutrition risk.', 'executive_screening', '{"bmi":20.6}'::jsonb, 'a0000000-0000-0000-0000-000000000003', now() - interval '12 hours')
ON CONFLICT (id) DO UPDATE
SET
    patient_id = EXCLUDED.patient_id,
    computed_at = EXCLUDED.computed_at,
    score_type = EXCLUDED.score_type,
    score_value = EXCLUDED.score_value,
    scale_max = EXCLUDED.scale_max,
    interpretation = EXCLUDED.interpretation,
    source = EXCLUDED.source,
    inputs = EXCLUDED.inputs,
    recorded_by = EXCLUDED.recorded_by,
    created_at = EXCLUDED.created_at;

INSERT INTO medication_expiry_events (
    id,
    medication_id,
    case_id,
    patient_id,
    expiry_date,
    status,
    notification_sent_at,
    confirmed_at,
    confirmed_by,
    note,
    created_at
) VALUES
    ('14500000-0000-0000-0000-000000000001', 'e1040000-0000-0000-0000-000000000003', 'e0000000-0000-0000-0000-000000000005', 'b0000000-0000-0000-0000-000000000007', CURRENT_DATE + 20, 'pending_confirmation', now() - interval '6 hours', NULL, NULL, 'Patient manager should confirm refill after next consult.', now() - interval '6 hours'),
    ('14500000-0000-0000-0000-000000000002', 'e1040000-0000-0000-0000-000000000005', 'e0000000-0000-0000-0000-000000000007', 'b0000000-0000-0000-0000-000000000009', CURRENT_DATE + 60, 'confirmed', now() - interval '1 day', now() - interval '12 hours', 'a0000000-0000-0000-0000-000000000003', 'Confirmed that new package was already dispensed locally.', now() - interval '1 day')
ON CONFLICT (id) DO UPDATE
SET
    medication_id = EXCLUDED.medication_id,
    case_id = EXCLUDED.case_id,
    patient_id = EXCLUDED.patient_id,
    expiry_date = EXCLUDED.expiry_date,
    status = EXCLUDED.status,
    notification_sent_at = EXCLUDED.notification_sent_at,
    confirmed_at = EXCLUDED.confirmed_at,
    confirmed_by = EXCLUDED.confirmed_by,
    note = EXCLUDED.note,
    created_at = EXCLUDED.created_at;

INSERT INTO patient_feedback_forms (
    id,
    patient_id,
    appointment_id,
    provider_id,
    doctor_id,
    patient_manager_id,
    interpreter_id,
    concierge_id,
    submitted_by,
    reviewed_by,
    source,
    status,
    overall_score,
    patient_manager_score,
    interpreter_score,
    concierge_score,
    treatment_score,
    doctor_score,
    nps_score,
    comments,
    improvement_notes,
    internal_note,
    review_note,
    submitted_at,
    reviewed_at,
    created_at,
    organization_score,
    service_score,
    infrastructure_score,
    price_value_score,
    treatment_success,
    complication_reported
) VALUES
    ('13500000-0000-0000-0000-000000000001', 'b0000000-0000-0000-0000-000000000002', '11000000-0000-0000-0000-000000000002', 'c0000000-0000-0000-0000-000000000001', 'c1000000-0000-0000-0000-000000000001', 'a0000000-0000-0000-0000-000000000003', 'a0000000-0000-0000-0000-000000000006', NULL, 'a0000000-0000-0000-0000-000000000011', 'a0000000-0000-0000-0000-000000000003', 'patient_portal', 'reviewed', 5, 5, 5, NULL, 4, 5, 10, 'Clear explanations and very smooth translation support.', 'Would like insurer wording faster next time.', 'Patient is highly portal-engaged and answers quickly.', 'Reviewed and acknowledged by manager.', now() - interval '8 hours', now() - interval '2 hours', now() - interval '8 hours', 5, 5, 4, 4, 'yes', false),
    ('13500000-0000-0000-0000-000000000002', 'b0000000-0000-0000-0000-000000000008', '11000000-0000-0000-0000-000000000008', 'c0000000-0000-0000-0000-000000000003', 'c1000000-0000-0000-0000-000000000006', 'a0000000-0000-0000-0000-000000000003', 'a0000000-0000-0000-0000-000000000006', 'a0000000-0000-0000-0000-000000000007', 'a0000000-0000-0000-0000-000000000015', 'a0000000-0000-0000-0000-000000000003', 'patient_portal', 'reviewed', 4, 5, 5, 4, 4, 5, 9, 'Board recommendation was clear and useful.', 'Airport support could have been confirmed earlier.', 'VIP expectations were high but overall outcome remained strong.', 'Reviewed after translated summary release.', now() - interval '2 days', now() - interval '1 day', now() - interval '2 days', 4, 4, 4, 3, 'partial', false),
    ('13500000-0000-0000-0000-000000000003', 'b0000000-0000-0000-0000-000000000001', '11000000-0000-0000-0000-000000000001', 'c0000000-0000-0000-0000-000000000001', 'c1000000-0000-0000-0000-000000000001', 'a0000000-0000-0000-0000-000000000003', NULL, 'a0000000-0000-0000-0000-000000000007', 'a0000000-0000-0000-0000-000000000003', NULL, 'staff_capture', 'submitted', 5, 5, NULL, 5, 5, 5, 9, 'Patient left with strong confidence in the package and next steps.', NULL, 'Captured by manager after phone debrief.', NULL, now() - interval '1 day', NULL, now() - interval '1 day', 5, 5, 4, 4, 'yes', false)
ON CONFLICT (id) DO UPDATE
SET
    patient_id = EXCLUDED.patient_id,
    appointment_id = EXCLUDED.appointment_id,
    provider_id = EXCLUDED.provider_id,
    doctor_id = EXCLUDED.doctor_id,
    patient_manager_id = EXCLUDED.patient_manager_id,
    interpreter_id = EXCLUDED.interpreter_id,
    concierge_id = EXCLUDED.concierge_id,
    submitted_by = EXCLUDED.submitted_by,
    reviewed_by = EXCLUDED.reviewed_by,
    source = EXCLUDED.source,
    status = EXCLUDED.status,
    overall_score = EXCLUDED.overall_score,
    patient_manager_score = EXCLUDED.patient_manager_score,
    interpreter_score = EXCLUDED.interpreter_score,
    concierge_score = EXCLUDED.concierge_score,
    treatment_score = EXCLUDED.treatment_score,
    doctor_score = EXCLUDED.doctor_score,
    nps_score = EXCLUDED.nps_score,
    comments = EXCLUDED.comments,
    improvement_notes = EXCLUDED.improvement_notes,
    internal_note = EXCLUDED.internal_note,
    review_note = EXCLUDED.review_note,
    submitted_at = EXCLUDED.submitted_at,
    reviewed_at = EXCLUDED.reviewed_at,
    created_at = EXCLUDED.created_at,
    organization_score = EXCLUDED.organization_score,
    service_score = EXCLUDED.service_score,
    infrastructure_score = EXCLUDED.infrastructure_score,
    price_value_score = EXCLUDED.price_value_score,
    treatment_success = EXCLUDED.treatment_success,
    complication_reported = EXCLUDED.complication_reported;

INSERT INTO patient_privacy_requests (
    id,
    patient_id,
    requested_by,
    request_type,
    source,
    status,
    reason,
    due_at,
    retention_until,
    review_note,
    requested_at,
    reviewed_by,
    reviewed_at,
    executed_by,
    executed_at,
    context,
    created_at
) VALUES
    ('14000000-0000-0000-0000-000000000001', 'b0000000-0000-0000-0000-000000000002', 'a0000000-0000-0000-0000-000000000011', 'third_party_revoke', 'patient_request', 'completed', 'Patient asked to revoke non-essential external sharing after insurer review.', now() - interval '12 days', NULL, 'External non-portal shares were reviewed and only provider referral remained justified.', now() - interval '15 days', 'a0000000-0000-0000-0000-000000000003', now() - interval '13 days', 'a0000000-0000-0000-0000-000000000003', now() - interval '12 days', '{"revoked_channels":["email","phone"]}'::jsonb, now() - interval '15 days'),
    ('14000000-0000-0000-0000-000000000002', 'b0000000-0000-0000-0000-000000000008', 'a0000000-0000-0000-0000-000000000015', 'restriction', 'patient_request', 'approved', 'Requested temporary restriction while family reviews pathology translation.', now() + interval '18 days', now() + interval '365 days', 'Restriction approved for non-essential outbound sharing until family confirms.', now() - interval '2 days', 'a0000000-0000-0000-0000-000000000003', now() - interval '1 day', NULL, NULL, '{"scope":"non_essential_exports"}'::jsonb, now() - interval '2 days')
ON CONFLICT (id) DO UPDATE
SET
    patient_id = EXCLUDED.patient_id,
    requested_by = EXCLUDED.requested_by,
    request_type = EXCLUDED.request_type,
    source = EXCLUDED.source,
    status = EXCLUDED.status,
    reason = EXCLUDED.reason,
    due_at = EXCLUDED.due_at,
    retention_until = EXCLUDED.retention_until,
    review_note = EXCLUDED.review_note,
    requested_at = EXCLUDED.requested_at,
    reviewed_by = EXCLUDED.reviewed_by,
    reviewed_at = EXCLUDED.reviewed_at,
    executed_by = EXCLUDED.executed_by,
    executed_at = EXCLUDED.executed_at,
    context = EXCLUDED.context,
    created_at = EXCLUDED.created_at;

INSERT INTO patient_appointment_requests (
    id,
    patient_id,
    requested_by,
    order_id,
    appointment_type,
    preferred_date_from,
    preferred_date_to,
    preferred_time_of_day,
    requested_provider_id,
    requested_doctor_id,
    specialty,
    location,
    reason,
    notes,
    status,
    review_note,
    reviewed_by,
    reviewed_at,
    converted_appointment_id,
    requested_at,
    created_at,
    care_path_kind
) VALUES
    ('14100000-0000-0000-0000-000000000001', 'b0000000-0000-0000-0000-000000000014', 'a0000000-0000-0000-0000-000000000013', NULL, 'medical', CURRENT_DATE + 7, CURRENT_DATE + 10, 'midday', 'c0000000-0000-0000-0000-000000000004', 'c1000000-0000-0000-0000-000000000007', 'cardiology', 'Munich', 'Preventive ECG and cardio check after local palpitations.', 'Converted by patient manager into visit on current schedule.', 'converted', 'Converted into appointment after phone triage.', 'a0000000-0000-0000-0000-000000000003', now() - interval '1 day', '11000000-0000-0000-0000-000000000014', now() - interval '2 days', now() - interval '2 days', 'preventive'),
    ('14100000-0000-0000-0000-000000000002', 'b0000000-0000-0000-0000-000000000007', 'a0000000-0000-0000-0000-000000000012', 'f0000000-0000-0000-0000-000000000006', 'medical', CURRENT_DATE + 20, CURRENT_DATE + 30, 'morning', 'c0000000-0000-0000-0000-000000000002', 'c1000000-0000-0000-0000-000000000004', 'orthopedics', 'Berlin', 'Would like rehab follow-up after MRI results and pain plan review.', 'Patient prefers combined orthopedic and physio plan.', 'requested', NULL, NULL, NULL, NULL, now() - interval '8 hours', now() - interval '8 hours', 'followup'),
    ('14100000-0000-0000-0000-000000000003', 'b0000000-0000-0000-0000-000000000012', 'a0000000-0000-0000-0000-000000000014', 'f0000000-0000-0000-0000-000000000009', 'non_medical', CURRENT_DATE + 4, CURRENT_DATE + 6, 'evening', NULL, NULL, 'concierge', 'Berlin', 'Request airport pickup and private room arrangement for screening day.', 'Handled partly through concierge service but left here to show rejected/redirected flow.', 'rejected', 'Redirected to concierge workspace because no clinical slot was needed.', 'a0000000-0000-0000-0000-000000000003', now() - interval '12 hours', NULL, now() - interval '1 day', now() - interval '1 day', 'regular')
ON CONFLICT (id) DO UPDATE
SET
    patient_id = EXCLUDED.patient_id,
    requested_by = EXCLUDED.requested_by,
    order_id = EXCLUDED.order_id,
    appointment_type = EXCLUDED.appointment_type,
    preferred_date_from = EXCLUDED.preferred_date_from,
    preferred_date_to = EXCLUDED.preferred_date_to,
    preferred_time_of_day = EXCLUDED.preferred_time_of_day,
    requested_provider_id = EXCLUDED.requested_provider_id,
    requested_doctor_id = EXCLUDED.requested_doctor_id,
    specialty = EXCLUDED.specialty,
    location = EXCLUDED.location,
    reason = EXCLUDED.reason,
    notes = EXCLUDED.notes,
    status = EXCLUDED.status,
    review_note = EXCLUDED.review_note,
    reviewed_by = EXCLUDED.reviewed_by,
    reviewed_at = EXCLUDED.reviewed_at,
    converted_appointment_id = EXCLUDED.converted_appointment_id,
    requested_at = EXCLUDED.requested_at,
    created_at = EXCLUDED.created_at,
    care_path_kind = EXCLUDED.care_path_kind;
